2017-09-18 11:09:00+00:00;DAX;SHORT;12554.5;12.5545;12551.2375;12555.201482580023;12547.273517419975;12550.935;12550.144736842105;12555.0;12554.0;12555.0;12554.5;12550.5;4.0;2017-09-18 11:45:00+00:00;OK
2017-09-18 13:23:00+00:00;DAX;LONG;12541.5;12.541500000000001;12549.762500000003;12558.237782258237;12541.287217741768;12549.6;12550.83;12542.0;12541.0;12541.5;12541.5;12551.0;9.5;2017-09-18 14:35:00+00:00;OK
2017-09-19 01:31:00+00:00;DAX;LONG;12544.0;12.544;12547.525;12552.008889289209;12543.04111071079;12547.47;12547.4025;12544.5;12543.0;12543.0;12544.0;12548.0;4.0;2017-09-19 01:46:00+00:00;OK
2017-09-19 02:00:00+00:00;DAX;LONG;12538.5;12.5385;12543.7625;12549.780018285455;12537.744981714546;12546.635;12547.515;12544.5;12536.5;12542.0;12538.5;12544.5;6.0;2017-09-19 02:01:00+00:00;OK
2017-09-19 02:15:00+00:00;DAX;LONG;12533.0;12.533;12542.237500000001;12551.94845420538;12532.526545794623;12545.02;12546.39;12533.5;12530.0;12533.0;12533.0;12544.0;11.0;2017-09-19 04:54:00+00:00;OK
2017-09-19 05:11:00+00:00;DAX;SHORT;12540.0;12.540000000000001;12535.8375;12540.243237885506;12531.431762114493;12532.34;12531.82;12542.0;12540.0;12540.0;12540.0;12534.5;5.5;2017-09-19 05:24:00+00:00;OK
2017-09-19 06:35:00+00:00;DAX;SHORT;12530.0;12.530000000000001;12524.575000000003;12531.283203932502;12517.866796067503;12532.63;12531.3875;12530.5;12530.0;12530.5;12530.0;12515.5;14.5;2017-09-20 04:43:00+00:00;OK
2017-09-20 05:00:00+00:00;DAX;SHORT;12543.5;12.5435;12538.137499999999;12555.971456375408;12520.30354362459;12556.25;12552.665;12544.5;12542.5;12542.5;12543.5;12535.5;8.0;2017-09-20 05:42:00+00:00;OK
2017-09-20 05:47:00+00:00;DAX;LONG;12536.0;12.536;12541.975;12548.123170459576;12535.826829540425;12545.06;12552.415;12536.0;12534.5;12536.0;12536.0;12542.0;6.0;2017-09-20 06:07:00+00:00;OK
2017-09-20 06:46:00+00:00;DAX;LONG;12533.0;12.533;12538.0;12543.414162714098;12532.585837285902;12539.15;12547.3275;12533.5;12530.5;12531.5;12533.0;12538.0;5.0;2017-09-20 07:20:00+00:00;OK
2017-09-20 08:08:00+00:00;DAX;LONG;12537.0;12.537;12540.475;12543.961439897359;12536.988560102642;12536.565;12538.0125;12537.0;12534.5;12535.0;12537.0;12541.5;4.5;2017-09-20 08:37:00+00:00;OK
2017-09-20 09:14:00+00:00;DAX;SHORT;12538.5;12.5385;12535.5;12539.645701642094;12531.354298357906;12539.01;12537.67;12538.5;12536.5;12537.0;12538.5;12538.0;78.5;2017-09-20 09:15:00+00:00;STOP
2017-09-20 09:26:00+00:00;DAX;SHORT;12547.5;12.5475;12541.7875;12548.445301122703;12535.129698877297;12539.16;12537.92;12548.5;12546.5;12546.5;12547.5;12547.5;78.5;2017-09-20 09:27:00+00:00;STOP
2017-09-20 09:33:00+00:00;DAX;SHORT;12545.5;12.5455;12538.237500000001;12545.61028066518;12530.864719334822;12539.59;12538.1475;12547.0;12545.5;12547.0;12545.5;12548.0;76.0;2017-09-20 09:34:00+00:00;STOP
2017-09-20 09:42:00+00:00;DAX;SHORT;12552.5;12.5525;12544.525000000001;12552.755239492584;12536.294760507419;12540.87;12538.76;12554.5;12552.5;12554.5;12552.5;12552.0;76.5;2017-09-20 09:43:00+00:00;STOP
2017-09-20 10:08:00+00:00;DAX;SHORT;12559.5;12.5595;12553.5;12560.119548402468;12546.880451597532;12545.115;12540.96;12560.0;12558.5;12560.0;12559.5;12556.0;80.0;2017-09-20 10:09:00+00:00;STOP
2017-09-20 10:31:00+00:00;DAX;SHORT;12562.5;12.5625;12559.025000000001;12567.407155230954;12550.642844769049;12548.55;12543.645;12562.5;12559.5;12561.0;12562.5;12559.5;83.0;2017-09-20 10:32:00+00:00;STOP
2017-09-20 11:06:00+00:00;DAX;SHORT;12557.0;12.557;12553.95;12557.042861049851;12550.85713895015;12554.25;12546.705;12557.5;12556.0;12556.0;12557.0;12556.0;84.0;2017-09-20 11:07:00+00:00;STOP
2017-09-20 13:03:00+00:00;DAX;SHORT;12566.0;12.566;12562.7625;12567.721277438464;12557.803722561537;12560.78;12557.91;12566.0;12554.5;12556.5;12566.0;12571.5;78.5;2017-09-20 13:04:00+00:00;STOP
2017-09-20 13:05:00+00:00;DAX;SHORT;12566.0;12.566;12562.5;12569.25900958176;12555.74099041824;12561.055;12558.08;12570.0;12563.5;12570.0;12566.0;12568.5;76.0;2017-09-20 13:06:00+00:00;STOP
2017-09-20 13:13:00+00:00;DAX;SHORT;12570.5;12.570500000000001;12563.025;12572.175639897096;12553.874360102904;12561.995;12558.7025;12575.0;12569.0;12570.5;12570.5;12569.5;77.0;2017-09-20 13:14:00+00:00;STOP
2017-09-20 13:34:00+00:00;DAX;SHORT;12577.5;12.5775;12569.475000000002;12579.570726036822;12559.379273963183;12563.39;12559.925;12579.0;12567.5;12569.5;12577.5;12573.5;81.0;2017-09-20 13:35:00+00:00;STOP
2017-09-20 13:53:00+00:00;DAX;SHORT;12586.0;12.586;12575.4;12588.778203010474;12562.021796989526;12567.16;12562.4875;12589.5;12585.0;12588.5;12586.0;12588.0;79.0;2017-09-20 13:54:00+00:00;STOP
2017-09-20 13:59:00+00:00;DAX;SHORT;12591.5;12.5915;12580.525000000001;12591.7887051023;12569.261294897702;12569.06;12563.5675;12593.5;12591.0;12592.5;12591.5;12592.5;78.0;2017-09-20 14:00:00+00:00;STOP
2017-09-20 14:09:00+00:00;DAX;SHORT;12595.5;12.5955;12592.237500000001;12597.822018072786;12586.652981927216;12572.44;12565.505;12596.5;12593.5;12593.5;12595.5;12600.5;73.0;2017-09-20 14:10:00+00:00;STOP
2017-09-20 14:24:00+00:00;DAX;SHORT;12601.0;12.601;12597.2625;12603.436298625942;12591.08870137406;12578.335;12568.91;12603.0;12600.0;12603.0;12601.0;12600.5;73.5;2017-09-20 14:25:00+00:00;STOP
2017-09-20 14:27:00+00:00;DAX;SHORT;12600.0;12.6;12594.55;12600.079585498885;12589.020414501114;12579.47;12569.5725;12600.5;12599.0;12600.5;12600.0;12599.5;74.0;2017-09-20 14:28:00+00:00;STOP
2017-09-20 14:31:00+00:00;DAX;SHORT;12599.5;12.5995;12596.025000000001;12600.088962287435;12591.961037712568;12580.975;12570.485;12602.0;12598.0;12601.5;12599.5;12596.5;77.0;2017-09-20 14:32:00+00:00;STOP
2017-09-21 01:45:00+00:00;DAX;SHORT;12599.0;12.599;12595.475000000002;12600.432450533237;12590.517549466767;12613.435;12616.5575;12600.0;12599.0;12599.0;12599.0;12599.5;76.5;2017-09-21 01:46:00+00:00;STOP
2017-09-21 02:01:00+00:00;DAX;LONG;12591.5;12.5915;12597.237500000001;12604.606531929567;12589.868468070435;12608.32;12616.37;12593.5;12585.5;12587.0;12591.5;12598.0;6.5;2017-09-21 02:04:00+00:00;OK
2017-09-21 02:09:00+00:00;DAX;LONG;12591.5;12.5915;12598.7375;12607.182990855448;12590.29200914455;12605.98;12616.2725;12600.0;12591.0;12600.0;12591.5;12581.5;73.0;2017-09-21 02:17:00+00:00;STOP
2017-09-21 02:27:00+00:00;DAX;LONG;12583.5;12.5835;12595.775000000001;12609.802322961767;12581.747677038236;12598.135;12612.5675;12584.0;12582.0;12584.0;12583.5;12571.5;61.0;2017-09-21 02:52:00+00:00;STOP
2017-09-21 02:55:00+00:00;DAX;LONG;12575.0;12.575000000000001;12580.762500000003;12587.139060696474;12574.38593930353;12589.185;12605.9075;12577.0;12573.5;12573.5;12575.0;12581.0;6.0;2017-09-21 03:17:00+00:00;OK
2017-09-21 04:08:00+00:00;DAX;LONG;12591.0;12.591000000000001;12597.287500000002;12604.285808066204;12590.2891919338;12584.03;12590.8575;12592.0;12591.0;12592.0;12591.0;12599.0;8.0;2017-09-21 04:49:00+00:00;OK
2017-09-21 04:52:00+00:00;DAX;SHORT;12597.0;12.597;12593.025000000001;12597.192543767334;12588.857456232668;12590.265;12587.905;12598.0;12596.5;12597.5;12597.0;12597.0;75.0;2017-09-21 04:53:00+00:00;STOP
2017-09-21 05:32:00+00:00;DAX;SHORT;12597.5;12.5975;12593.975;12597.700799101853;12590.249200898148;12593.905;12587.77;12597.5;12597.0;12597.0;12597.5;12597.0;75.5;2017-09-21 05:33:00+00:00;STOP
2017-09-21 05:35:00+00:00;DAX;SHORT;12595.5;12.5955;12592.2125;12596.242323033857;12588.182676966142;12593.8;12587.9225;12598.5;12594.0;12598.5;12595.5;12596.0;75.0;2017-09-21 05:36:00+00:00;STOP
2017-09-21 05:50:00+00:00;DAX;SHORT;12601.5;12.6015;12597.2625;12601.66913375522;12592.855866244781;12594.5;12589.3575;12603.0;12601.5;12602.5;12601.5;12601.5;75.0;2017-09-21 05:51:00+00:00;STOP
2017-09-21 05:59:00+00:00;DAX;SHORT;12605.5;12.605500000000001;12599.7625;12605.541545632374;12593.983454367628;12596.165;12590.355;12606.5;12604.0;12606.5;12605.5;12604.5;76.0;2017-09-21 06:00:00+00:00;STOP
2017-09-21 07:53:00+00:00;DAX;SHORT;12595.5;12.5955;12591.712500000001;12596.663842189113;12586.76115781089;12594.205;12596.0075;12597.5;12594.5;12595.5;12595.5;12598.5;73.0;2017-09-21 07:54:00+00:00;STOP
2017-09-21 08:39:00+00:00;DAX;LONG;12597.5;12.5975;12603.5;12609.702503738941;12597.297496261059;12596.455;12597.575;12599.5;12596.5;12598.0;12597.5;12586.5;62.0;2017-09-21 08:53:00+00:00;STOP
2017-09-21 08:57:00+00:00;DAX;LONG;12585.5;12.5855;12597.737500000001;12610.458804137053;12585.016195862949;12596.185;12597.2125;12586.0;12579.5;12580.0;12585.5;12599.5;14.0;2017-09-21 09:08:00+00:00;OK
2017-09-21 09:22:00+00:00;DAX;SHORT;12601.5;12.6015;12594.0;12601.59223980543;12586.40776019457;12598.23;12596.725;12604.0;12601.0;12604.0;12601.5;12599.5;78.0;2017-09-21 09:23:00+00:00;STOP
2017-09-21 09:50:00+00:00;DAX;SHORT;12604.5;12.6045;12600.8125;12605.396224066279;12596.228775933721;12599.485;12596.8975;12604.5;12602.0;12604.0;12604.5;12605.0;77.5;2017-09-21 09:51:00+00:00;STOP
2017-09-21 11:43:00+00:00;DAX;LONG;12589.0;12.589;12592.0;12596.331949846626;12587.668050153374;12591.275;12595.2875;12589.5;12588.5;12588.5;12589.0;12592.0;3.0;2017-09-21 11:51:00+00:00;OK
2017-09-21 11:52:00+00:00;DAX;LONG;12592.5;12.592500000000001;12595.5;12600.497631017739;12590.502368982261;12590.84;12594.68;12593.0;12592.5;12592.5;12592.5;12596.0;3.5;2017-09-21 12:09:00+00:00;OK
2017-09-21 14:01:00+00:00;DAX;SHORT;12596.0;12.596;12593.0;12596.833371471968;12589.166628528032;12595.145;12593.265;12596.0;12594.5;12594.5;12596.0;12595.5;84.5;2017-09-21 14:02:00+00:00;STOP
2017-09-21 14:06:00+00:00;DAX;SHORT;12594.5;12.5945;12590.0;12594.733975740937;12585.266024259063;12594.99;12593.505;12594.5;12594.5;12594.5;12594.5;12593.0;86.0;2017-09-21 14:07:00+00:00;STOP
2017-09-22 01:18:00+00:00;DAX;LONG;12555.0;12.555;12558.5;12564.666311037636;12552.333688962364;12578.575;12584.0175;12556.0;12555.0;12556.0;12555.0;12560.0;5.0;2017-09-22 02:01:00+00:00;OK
2017-09-22 02:24:00+00:00;DAX;LONG;12570.5;12.570500000000001;12574.712500000001;12579.142956790043;12570.28204320996;12561.42;12572.96;12572.5;12568.5;12569.0;12570.5;12575.0;4.5;2017-09-22 02:27:00+00:00;OK
2017-09-22 03:03:00+00:00;DAX;LONG;12581.5;12.5815;12584.55;12587.649660422827;12581.450339577172;12567.515;12572.24;12581.5;12580.0;12581.5;12581.5;12596.5;15.0;2017-09-22 03:44:00+00:00;OK
2017-09-22 03:53:00+00:00;DAX;SHORT;12596.0;12.596;12581.025000000001;12596.488369279485;12565.561630720518;12580.665;12571.875;12598.0;12596.0;12597.5;12596.0;12598.5;108.0;2017-09-22 03:54:00+00:00;STOP
2017-09-22 04:02:00+00:00;DAX;SHORT;12596.0;12.596;12590.325;12596.70754197834;12583.942458021662;12583.165;12572.4375;12597.0;12595.5;12595.5;12596.0;12599.0;105.0;2017-09-22 04:03:00+00:00;STOP
2017-09-22 04:17:00+00:00;DAX;SHORT;12601.5;12.6015;12597.312500000002;12602.248671540141;12592.376328459863;12586.375;12573.445;12602.5;12600.5;12602.5;12601.5;12603.0;103.5;2017-09-22 04:18:00+00:00;STOP
2017-09-22 04:22:00+00:00;DAX;SHORT;12609.0;12.609;12598.475;12610.299483965597;12586.650516034404;12587.68;12574.4975;12611.0;12608.5;12610.0;12609.0;12606.5;106.0;2017-09-22 04:23:00+00:00;STOP
2017-09-22 04:30:00+00:00;DAX;SHORT;12602.0;12.602;12595.025;12605.493499113254;12584.556500886745;12589.525;12576.6675;12607.0;12599.5;12606.5;12602.0;12604.0;104.0;2017-09-22 04:31:00+00:00;STOP
2017-09-22 05:01:00+00:00;DAX;SHORT;12613.5;12.6135;12604.712500000001;12615.665029147958;12593.759970852045;12598.295;12585.56;12618.0;12612.5;12618.0;12613.5;12615.5;102.0;2017-09-22 05:02:00+00:00;STOP
2017-09-22 05:04:00+00:00;DAX;SHORT;12615.5;12.6155;12607.0;12615.641850435373;12598.358149564627;12599.455;12586.4775;12617.0;12615.0;12616.5;12615.5;12617.5;100.0;2017-09-22 05:05:00+00:00;STOP
2017-09-22 05:10:00+00:00;DAX;SHORT;12622.0;12.622;12618.7625;12623.247562928622;12614.27743707138;12602.105;12588.4925;12626.0;12621.5;12624.5;12622.0;12621.5;100.5;2017-09-22 05:11:00+00:00;STOP
2017-09-22 05:14:00+00:00;DAX;SHORT;12620.0;12.620000000000001;12616.5;12621.894685493979;12611.105314506021;12603.785;12589.88;12622.5;12618.5;12622.5;12620.0;12622.5;98.0;2017-09-22 05:15:00+00:00;STOP
2017-09-22 05:27:00+00:00;DAX;SHORT;12625.0;12.625;12620.675000000001;12625.112875262117;12616.237124737885;12608.6;12593.8925;12627.5;12623.5;12627.5;12625.0;12624.0;99.0;2017-09-22 05:28:00+00:00;STOP
2017-09-22 05:31:00+00:00;DAX;SHORT;12625.0;12.625;12621.550000000001;12625.95663375522;12617.143366244782;12609.77;12594.9575;12629.0;12625.0;12628.0;12625.0;12626.5;97.5;2017-09-22 05:32:00+00:00;STOP
2017-09-22 05:39:00+00:00;DAX;SHORT;12627.0;12.627;12622.525000000001;12628.405162905014;12616.64483709499;12612.28;12597.3325;12628.0;12626.5;12628.0;12627.0;12628.0;96.5;2017-09-22 05:40:00+00:00;STOP
2017-09-22 05:47:00+00:00;DAX;SHORT;12628.0;12.628;12624.7875;12629.155746667413;12620.419253332588;12614.685;12599.5975;12630.0;12628.0;12630.0;12628.0;12630.0;94.5;2017-09-22 05:48:00+00:00;STOP
2017-09-22 05:52:00+00:00;DAX;SHORT;12631.5;12.6315;12628.337500000001;12632.325640313216;12624.349359686787;12616.415;12600.9;12632.0;12629.0;12629.5;12631.5;12633.0;93.0;2017-09-22 05:53:00+00:00;STOP
2017-09-22 06:01:00+00:00;DAX;SHORT;12631.0;12.631;12626.212500000001;12631.927438872446;12620.497561127557;12618.955;12603.1775;12632.5;12628.5;12629.0;12631.0;12627.0;97.0;2017-09-22 06:02:00+00:00;STOP
2017-09-22 07:33:00+00:00;DAX;LONG;12583.5;12.5835;12589.212500000001;12595.927761487248;12582.497238512755;12610.42;12613.5975;12583.5;12582.0;12582.5;12583.5;12591.5;8.0;2017-09-22 08:31:00+00:00;OK
2017-09-22 08:36:00+00:00;DAX;LONG;12582.0;12.582;12586.737500000001;12592.881388705133;12580.59361129487;12586.245;12604.7675;12583.0;12576.0;12579.5;12582.0;12588.5;6.5;2017-09-22 08:41:00+00:00;OK
2017-09-22 08:44:00+00:00;DAX;LONG;12583.0;12.583;12586.262500000003;12592.734097866633;12579.790902133373;12584.62;12603.2375;12587.0;12582.0;12586.5;12583.0;12586.5;3.5;2017-09-22 09:13:00+00:00;OK
2017-09-22 09:50:00+00:00;DAX;LONG;12579.5;12.5795;12584.900000000001;12591.225387443928;12578.574612556074;12583.985;12589.2225;12579.5;12577.5;12579.5;12579.5;12587.5;8.0;2017-09-22 10:00:00+00:00;OK
2017-09-22 11:14:00+00:00;DAX;SHORT;12593.5;12.5935;12589.025;12594.095814322643;12583.954185677356;12587.01;12585.365;12594.5;12593.5;12594.5;12593.5;12591.5;125.0;2017-09-22 11:15:00+00:00;STOP
2017-09-22 14:49:00+00:00;DAX;SHORT;12602.0;12.602;12595.975000000002;12603.655974444762;12588.294025555242;12596.505;12594.6425;12606.5;12602.0;12606.5;12602.0;12604.0;123.0;2017-09-22 14:50:00+00:00;STOP
2017-09-22 14:55:00+00:00;DAX;SHORT;12602.5;12.602500000000001;12595.2625;12603.131660324363;12587.393339675638;12597.08;12594.985;12604.5;12601.5;12604.0;12602.5;12603.5;122.0;2017-09-22 14:56:00+00:00;STOP
2017-09-22 14:59:00+00:00;DAX;SHORT;12601.0;12.601;12597.2625;12603.561204962969;12590.963795037032;12597.42;12595.2025;12606.0;12601.0;12604.5;12601.0;12605.0;118.0;2017-09-22 15:03:00+00:00;STOP
2017-09-25 01:23:00+00:00;DAX;LONG;12549.0;12.549;12556.325000000003;12564.058045971675;12548.59195402833;12592.015;12596.545;12552.5;12548.0;12550.0;12549.0;12556.5;7.5;2017-09-25 01:53:00+00:00;OK
2017-09-25 02:23:00+00:00;DAX;LONG;12562.5;12.5625;12566.075;12574.926256229604;12557.223743770397;12562.945;12583.9725;12564.0;12560.5;12562.0;12562.5;12566.5;4.0;2017-09-25 02:29:00+00:00;OK
2017-09-25 03:12:00+00:00;DAX;LONG;12594.0;12.594;12597.9625;12605.360223689722;12590.564776310277;12571.22;12579.1725;12596.5;12592.0;12595.5;12594.0;12599.0;5.0;2017-09-25 03:30:00+00:00;OK
2017-09-25 03:35:00+00:00;DAX;SHORT;12598.5;12.5985;12592.5;12600.132858331961;12584.867141668039;12581.19;12577.9775;12601.5;12598.5;12601.5;12598.5;12597.0;136.0;2017-09-25 03:36:00+00:00;STOP
2017-09-25 03:44:00+00:00;DAX;SHORT;12614.5;12.6145;12594.475;12614.645588280438;12574.304411719562;12586.14;12578.4325;12617.0;12614.5;12615.0;12614.5;12614.0;136.5;2017-09-25 03:45:00+00:00;STOP
2017-09-25 03:50:00+00:00;DAX;SHORT;12617.0;12.617;12599.837500000001;12617.003791939362;12582.671208060641;12589.195;12578.785;12619.0;12614.0;12618.5;12617.0;12615.0;138.5;2017-09-25 03:51:00+00:00;STOP
2017-09-25 03:55:00+00:00;DAX;SHORT;12612.5;12.6125;12606.7125;12616.783171330782;12596.641828669217;12591.525;12578.975;12613.0;12611.5;12612.0;12612.5;12611.5;139.5;2017-09-25 03:56:00+00:00;STOP
2017-09-25 04:16:00+00:00;DAX;SHORT;12617.5;12.6175;12613.050000000001;12618.13325424155;12607.966745758453;12601.81;12579.935;12619.0;12616.5;12618.0;12617.5;12615.0;142.0;2017-09-25 04:17:00+00:00;STOP
2017-09-25 05:13:00+00:00;DAX;SHORT;12595.5;12.5955;12591.475;12596.956788029467;12585.993211970534;12602.195;12591.2725;12598.0;12594.0;12597.5;12595.5;12596.0;141.5;2017-09-25 05:14:00+00:00;STOP
2017-09-25 06:02:00+00:00;DAX;SHORT;12608.0;12.608;12599.5;12609.331608531456;12589.668391468544;12596.265;12599.9475;12612.0;12606.5;12611.0;12608.0;12607.5;142.0;2017-09-25 06:03:00+00:00;STOP
2017-09-25 06:28:00+00:00;DAX;LONG;12602.5;12.602500000000001;12607.237500000001;12613.899252574844;12600.575747425159;12601.03;12601.555;12603.5;12597.0;12598.5;12602.5;12607.5;5.0;2017-09-25 06:31:00+00:00;OK
2017-09-25 06:33:00+00:00;DAX;LONG;12605.5;12.605500000000001;12608.525000000001;12614.80278036537;12602.247219634633;12601.97;12601.885;12608.0;12605.5;12607.0;12605.5;12609.5;4.0;2017-09-25 07:13:00+00:00;OK
2017-09-25 07:15:00+00:00;DAX;SHORT;12609.5;12.6095;12605.0;12610.072111571078;12599.927888428922;12605.66;12602.1325;12612.0;12609.5;12611.0;12609.5;12610.0;150.5;2017-09-25 07:16:00+00:00;STOP
2017-09-25 07:24:00+00:00;DAX;SHORT;12609.0;12.609;12605.737500000001;12610.305984719422;12601.16901528058;12606.72;12602.075;12609.5;12608.5;12609.0;12609.0;12609.0;150.5;2017-09-25 07:25:00+00:00;STOP
2017-09-25 08:21:00+00:00;DAX;SHORT;12598.0;12.598;12594.7875;12598.793745124802;12590.781254875199;12602.94;12602.975;12600.0;12598.0;12600.0;12598.0;12599.0;149.5;2017-09-25 08:22:00+00:00;STOP
2017-09-25 09:02:00+00:00;DAX;LONG;12600.0;12.6;12604.0;12608.241399967488;12599.758600032512;12600.54;12603.535;12602.0;12598.5;12602.0;12600.0;12605.5;5.5;2017-09-25 09:06:00+00:00;OK
2017-09-25 09:46:00+00:00;DAX;LONG;12598.5;12.5985;12606.7125;12615.909753594644;12597.515246405355;12602.075;12603.0175;12599.5;12596.5;12598.0;12598.5;12589.0;145.5;2017-09-25 09:51:00+00:00;STOP
2017-09-25 09:57:00+00:00;DAX;LONG;12588.0;12.588000000000001;12597.1875;12606.522634537976;12587.852365462024;12601.17;12602.185;12589.5;12582.5;12582.5;12588.0;12574.5;132.0;2017-09-25 10:01:00+00:00;STOP
2017-09-25 10:11:00+00:00;DAX;LONG;12572.5;12.5725;12589.075;12606.219202641434;12571.930797358567;12597.86;12600.09;12574.0;12568.0;12568.0;12572.5;12561.0;120.5;2017-09-25 11:14:00+00:00;STOP
2017-09-25 11:21:00+00:00;DAX;LONG;12561.0;12.561;12569.6625;12581.772847902344;12557.552152097656;12576.35;12589.1725;12561.0;12556.0;12558.5;12561.0;12571.0;10.0;2017-09-25 11:41:00+00:00;OK
2017-09-25 12:33:00+00:00;DAX;LONG;12569.0;12.569;12572.975;12577.29955250702;12568.65044749298;12568.815;12577.965;12569.0;12568.0;12568.0;12569.0;12573.5;4.5;2017-09-25 12:40:00+00:00;OK
2017-09-25 12:46:00+00:00;DAX;LONG;12568.0;12.568;12571.237500000001;12575.107424519869;12567.367575480133;12568.765;12575.5025;12570.0;12568.0;12569.5;12568.0;12560.0;127.0;2017-09-25 13:29:00+00:00;STOP
2017-09-25 13:34:00+00:00;DAX;LONG;12558.0;12.558;12562.525;12567.720139428755;12557.329860571244;12568.19;12569.4175;12558.5;12557.5;12557.5;12558.0;12549.5;118.5;2017-09-25 13:41:00+00:00;STOP
2017-09-25 13:50:00+00:00;DAX;LONG;12554.0;12.554;12558.212500000001;12564.836817243866;12551.588182756137;12564.7;12567.36;12554.0;12550.0;12550.0;12554.0;12559.0;5.0;2017-09-25 14:23:00+00:00;OK
2017-09-25 14:45:00+00:00;DAX;LONG;12557.5;12.557500000000001;12562.5;12568.419637257735;12556.580362742265;12557.6;12563.57;12558.0;12554.0;12555.5;12557.5;12562.5;5.0;2017-09-25 14:46:00+00:00;OK
2017-09-25 14:51:00+00:00;DAX;LONG;12561.5;12.5615;12565.287500000002;12571.982942283259;12558.592057716745;12557.565;12563.5575;12564.0;12561.5;12564.0;12561.5;12565.5;4.0;2017-09-25 15:03:00+00:00;OK
2017-09-26 01:19:00+00:00;DAX;LONG;12548.0;12.548;12554.675;12564.849658923547;12544.500341076451;12562.855;12562.1225;12550.5;12548.0;12549.0;12548.0;12555.0;7.0;2017-09-26 01:22:00+00:00;OK
2017-09-26 01:25:00+00:00;DAX;LONG;12553.0;12.553;12556.5;12564.466376710572;12548.533623289428;12562.085;12562.0875;12555.0;12552.0;12554.0;12553.0;12557.0;4.0;2017-09-26 01:40:00+00:00;OK
2017-09-26 01:58:00+00:00;DAX;LONG;12550.5;12.5505;12553.9125;12561.783833733038;12546.041166266963;12558.205;12561.295;12553.0;12550.0;12552.5;12550.5;12554.0;3.5;2017-09-26 02:05:00+00:00;OK
2017-09-26 02:06:00+00:00;DAX;LONG;12550.0;12.55;12553.0;12558.90517168519;12547.09482831481;12556.81;12560.8925;12554.5;12548.0;12553.5;12550.0;12553.5;3.5;2017-09-26 02:07:00+00:00;OK
2017-09-26 03:09:00+00:00;DAX;LONG;12570.5;12.570500000000001;12573.7625;12578.253426524965;12569.271573475036;12561.67;12561.6275;12572.0;12570.0;12570.5;12570.5;12574.0;3.5;2017-09-26 03:37:00+00:00;OK
2017-09-26 03:42:00+00:00;DAX;SHORT;12576.5;12.576500000000001;12573.2625;12577.250640313216;12569.274359686786;12567.83;12562.6475;12576.5;12575.0;12575.5;12576.5;12575.5;155.0;2017-09-26 03:43:00+00:00;STOP
2017-09-26 04:05:00+00:00;DAX;SHORT;12592.0;12.592;12577.7125;12595.016211193053;12560.408788806946;12575.31;12565.44;12599.0;12592.0;12598.5;12592.0;12592.5;154.5;2017-09-26 04:06:00+00:00;STOP
2017-09-26 04:09:00+00:00;DAX;SHORT;12592.0;12.592;12585.5625;12594.611344066916;12576.513655933084;12576.61;12565.985;12593.0;12592.0;12593.0;12592.0;12593.5;153.0;2017-09-26 04:10:00+00:00;STOP
2017-09-26 04:17:00+00:00;DAX;SHORT;12604.0;12.604000000000001;12596.550000000001;12605.375054047845;12587.724945952157;12579.11;12567.2975;12606.5;12603.5;12604.5;12604.0;12602.5;154.5;2017-09-26 04:18:00+00:00;STOP
2017-09-26 04:22:00+00:00;DAX;SHORT;12615.5;12.6155;12599.475;12616.512420116043;12582.437579883957;12581.35;12568.6025;12616.5;12614.0;12616.0;12615.5;12613.5;156.5;2017-09-26 04:23:00+00:00;STOP
2017-09-26 04:33:00+00:00;DAX;SHORT;12614.0;12.614;12601.962500000001;12614.136242234828;12589.788757765175;12586.21;12572.0375;12618.0;12614.0;12618.0;12614.0;12615.0;155.5;2017-09-26 04:34:00+00:00;STOP
2017-09-26 05:04:00+00:00;DAX;SHORT;12615.0;12.615;12611.737500000001;12615.05571131271;12608.419288687292;12598.8;12581.3825;12616.0;12615.0;12615.5;12615.0;12614.0;156.5;2017-09-26 05:05:00+00:00;STOP
2017-09-26 06:34:00+00:00;DAX;SHORT;12591.5;12.5915;12586.050000000001;12592.11347998048;12579.986520019522;12604.315;12599.42;12592.5;12591.0;12592.0;12591.5;12591.0;157.0;2017-09-26 06:35:00+00:00;STOP
2017-09-26 06:47:00+00:00;DAX;SHORT;12600.5;12.6005;12594.7625;12601.721023739385;12587.803976260617;12602.12;12601.12;12601.0;12600.0;12601.0;12600.5;12598.0;159.5;2017-09-26 06:48:00+00:00;STOP
2017-09-26 06:53:00+00:00;DAX;SHORT;12597.5;12.5975;12591.237500000003;12598.44495228365;12584.030047716356;12601.385;12601.955;12600.0;12597.0;12600.0;12597.5;12597.5;159.5;2017-09-26 06:54:00+00:00;STOP
2017-09-26 07:36:00+00:00;DAX;LONG;12595.5;12.5955;12599.2875;12603.41698320967;12595.15801679033;12595.12;12604.04;12595.5;12595.5;12595.5;12595.5;12599.5;4.0;2017-09-26 07:43:00+00:00;OK
2017-09-26 08:47:00+00:00;DAX;SHORT;12611.0;12.611;12607.975;12611.560056705124;12604.389943294877;12602.05;12600.6025;12611.0;12609.0;12609.5;12611.0;12612.0;162.5;2017-09-26 08:48:00+00:00;STOP
2017-09-26 08:59:00+00:00;DAX;SHORT;12613.5;12.6135;12609.925000000001;12614.841138835778;12605.008861164224;12603.845;12600.515;12614.0;12612.0;12612.5;12613.5;12611.0;165.0;2017-09-26 09:00:00+00:00;STOP
2017-09-26 09:55:00+00:00;DAX;SHORT;12600.0;12.6;12595.8125;12600.359332327074;12591.265667672926;12605.105;12601.985;12601.5;12598.0;12601.0;12600.0;12599.5;165.5;2017-09-26 09:56:00+00:00;STOP
2017-09-26 10:29:00+00:00;DAX;LONG;12584.5;12.5845;12589.45;12596.633863496536;12582.266136503466;12599.22;12600.79;12587.0;12580.5;12581.0;12584.5;12594.0;9.5;2017-09-26 10:34:00+00:00;OK
2017-09-26 10:57:00+00:00;DAX;LONG;12590.5;12.5905;12594.212500000001;12598.057866316136;12590.367133683867;12594.145;12599.79;12590.5;12589.5;12590.5;12590.5;12595.0;4.5;2017-09-26 11:01:00+00:00;OK
2017-09-26 11:20:00+00:00;DAX;LONG;12591.0;12.591000000000001;12595.0;12599.145701642094;12590.854298357906;12591.97;12598.82;12591.0;12590.0;12590.0;12591.0;12595.0;4.0;2017-09-26 11:44:00+00:00;OK
2017-09-27 01:18:00+00:00;DAX;LONG;12621.0;12.621;12624.5;12629.058264777059;12619.941735222941;12596.01;12595.05;12622.0;12619.5;12620.5;12621.0;12625.5;4.5;2017-09-27 02:04:00+00:00;OK
2017-09-27 02:17:00+00:00;DAX;SHORT;12623.5;12.6235;12618.2625;12624.636790466191;12611.88820953381;12613.31;12601.92;12625.5;12622.5;12625.5;12623.5;12625.0;186.5;2017-09-27 02:18:00+00:00;STOP
2017-09-27 02:19:00+00:00;DAX;SHORT;12622.5;12.6225;12617.2625;12623.010726271048;12611.514273728953;12613.975;12602.245;12628.0;12622.5;12625.0;12622.5;12623.5;185.5;2017-09-27 02:20:00+00:00;STOP
2017-09-27 02:28:00+00:00;DAX;SHORT;12652.0;12.652000000000001;12625.525;12655.63860070414;12595.41139929586;12619.42;12604.96;12656.5;12650.5;12654.5;12652.0;12650.5;187.0;2017-09-27 02:29:00+00:00;STOP
2017-09-27 02:39:00+00:00;DAX;SHORT;12651.5;12.6515;12637.150000000001;12651.508566121054;12622.791433878949;12625.795;12608.1475;12653.0;12649.0;12649.0;12651.5;12652.0;186.5;2017-09-27 02:40:00+00:00;STOP
2017-09-27 02:43:00+00:00;DAX;SHORT;12665.5;12.6655;12654.737500000001;12666.646253967258;12642.828746032745;12627.31;12609.5525;12673.0;12664.5;12666.0;12665.5;12661.0;191.0;2017-09-27 02:44:00+00:00;STOP
2017-09-27 02:57:00+00:00;DAX;SHORT;12657.0;12.657;12650.312500000002;12658.59755312374;12642.027446876264;12632.925;12614.315;12659.5;12656.0;12659.5;12657.0;12654.5;193.5;2017-09-27 02:58:00+00:00;STOP
2017-09-27 03:56:00+00:00;DAX;SHORT;12656.0;12.656;12649.7625;12656.311103708145;12643.213896291856;12653.795;12633.3875;12658.0;12655.5;12658.0;12656.0;12658.5;191.0;2017-09-27 03:57:00+00:00;STOP
2017-09-27 03:58:00+00:00;DAX;SHORT;12657.5;12.6575;12652.8125;12658.048760216283;12647.576239783717;12654.47;12634.0625;12659.0;12657.5;12659.0;12657.5;12655.0;193.5;2017-09-27 03:59:00+00:00;STOP
2017-09-27 04:12:00+00:00;DAX;SHORT;12662.5;12.6625;12657.8125;12662.889538092182;12652.735461907818;12655.92;12638.8375;12663.5;12661.0;12661.5;12662.5;12662.5;193.5;2017-09-27 04:13:00+00:00;STOP
2017-09-27 04:29:00+00:00;DAX;SHORT;12666.5;12.666500000000001;12662.2625;12666.620191325028;12657.904808674974;12657.195;12643.505;12669.0;12666.5;12666.5;12666.5;12666.0;194.0;2017-09-27 04:30:00+00:00;STOP
2017-09-27 07:45:00+00:00;DAX;SHORT;12658.0;12.658;12654.737500000001;12660.406204483948;12649.068795516054;12656.72;12656.1725;12659.5;12657.5;12657.5;12658.0;12658.0;194.0;2017-09-27 07:46:00+00:00;STOP
2017-09-27 08:00:00+00:00;DAX;SHORT;12662.5;12.6625;12657.025;12663.268101455964;12650.781898544035;12657.5;12656.005;12663.5;12662.0;12662.5;12662.5;12661.0;195.5;2017-09-27 08:01:00+00:00;STOP
2017-09-27 08:33:00+00:00;DAX;SHORT;12671.5;12.6715;12664.5;12672.036577472567;12656.963422527433;12659.115;12657.375;12672.0;12670.5;12671.0;12671.5;12673.0;194.0;2017-09-27 08:34:00+00:00;STOP
2017-09-27 08:39:00+00:00;DAX;SHORT;12670.5;12.6705;12662.025;12670.707105007912;12653.342894992087;12660.01;12658.03;12671.0;12669.5;12670.0;12670.5;12671.0;193.5;2017-09-27 08:40:00+00:00;STOP
2017-09-27 08:43:00+00:00;DAX;SHORT;12670.0;12.67;12663.2625;12670.433347413771;12656.09165258623;12660.555;12658.425;12672.0;12668.5;12672.0;12670.0;12669.0;194.5;2017-09-27 08:44:00+00:00;STOP
2017-09-27 09:33:00+00:00;DAX;SHORT;12662.5;12.6625;12658.550000000001;12662.885896677737;12654.214103322265;12664.705;12660.885;12665.0;12661.0;12664.5;12662.5;12658.5;198.5;2017-09-27 09:34:00+00:00;STOP
2017-09-27 10:16:00+00:00;DAX;SHORT;12653.5;12.653500000000001;12649.737500000001;12654.64184823182;12644.833151768182;12659.885;12659.7475;12655.0;12652.0;12654.5;12653.5;12655.0;197.0;2017-09-27 10:17:00+00:00;STOP
2017-09-27 10:37:00+00:00;DAX;LONG;12646.0;12.646;12653.0;12660.8001349516;12645.1998650484;12656.05;12658.99;12647.0;12643.0;12643.0;12646.0;12636.0;187.0;2017-09-27 11:23:00+00:00;STOP
2017-09-27 11:26:00+00:00;DAX;LONG;12639.0;12.639000000000001;12646.025;12653.551094954433;12638.498905045566;12647.85;12655.99;12639.5;12637.5;12637.5;12639.0;12648.0;9.0;2017-09-27 11:43:00+00:00;OK
2017-09-27 12:54:00+00:00;DAX;SHORT;12658.5;12.6585;12654.762500000003;12658.71584635068;12650.809153649325;12650.73;12650.215;12660.5;12658.5;12660.0;12658.5;12659.0;195.5;2017-09-27 12:55:00+00:00;STOP
2017-09-27 13:07:00+00:00;DAX;SHORT;12664.0;12.664;12659.2625;12665.301626810358;12653.223373189643;12653.535;12650.6025;12667.0;12664.0;12666.5;12664.0;12664.0;195.5;2017-09-27 13:08:00+00:00;STOP
2017-09-27 13:22:00+00:00;DAX;SHORT;12671.0;12.671000000000001;12666.2875;12672.975273604832;12659.599726395169;12657.72;12651.99;12672.5;12670.0;12672.0;12671.0;12670.5;196.0;2017-09-27 13:23:00+00:00;STOP
2017-09-27 14:13:00+00:00;DAX;SHORT;12678.5;12.6785;12671.525000000001;12678.869887229977;12664.180112770026;12667.625;12657.9625;12682.0;12678.5;12682.0;12678.5;12679.5;195.0;2017-09-27 14:14:00+00:00;STOP
2017-09-27 14:16:00+00:00;DAX;SHORT;12676.5;12.6765;12671.8125;12677.912543140486;12665.712456859514;12668.32;12658.415;12677.5;12676.5;12677.5;12676.5;12680.0;191.5;2017-09-27 14:17:00+00:00;STOP
2017-09-27 14:25:00+00:00;DAX;SHORT;12683.0;12.683;12678.525;12683.429348231819;12673.62065176818;12670.665;12660.0975;12683.0;12681.5;12683.0;12683.0;12685.5;189.0;2017-09-27 14:26:00+00:00;STOP
2017-09-27 14:27:00+00:00;DAX;SHORT;12685.0;12.685;12680.0;12685.333854141238;12674.666145858762;12671.165;12660.505;12686.5;12684.5;12684.5;12685.0;12686.0;188.0;2017-09-27 14:28:00+00:00;STOP
2017-09-27 14:30:00+00:00;DAX;SHORT;12686.5;12.6865;12681.7875;12687.839902741669;12675.735097258332;12671.985;12661.0975;12687.0;12685.5;12686.5;12686.5;12686.5;188.0;2017-09-27 14:31:00+00:00;STOP
2017-09-27 14:39:00+00:00;DAX;SHORT;12688.5;12.6885;12683.525;12689.210623606032;12677.839376393968;12674.62;12663.06;12690.5;12688.5;12690.0;12688.5;12688.5;188.0;2017-09-27 14:40:00+00:00;STOP
2017-09-28 01:44:00+00:00;DAX;LONG;12680.5;12.6805;12683.7625;12687.064811789929;12680.460188210072;12673.045;12672.31;12682.0;12680.0;12681.5;12680.5;12671.5;179.0;2017-09-28 01:54:00+00:00;STOP
2017-09-28 02:47:00+00:00;DAX;SHORT;12664.0;12.664;12660.6625;12664.900175629027;12656.424824370974;12673.825;12669.9175;12665.0;12663.0;12663.0;12664.0;12663.5;179.5;2017-09-28 02:48:00+00:00;STOP
2017-09-28 02:59:00+00:00;DAX;SHORT;12670.0;12.67;12662.95;12670.279823721583;12655.620176278419;12672.14;12670.1325;12671.0;12670.0;12670.5;12670.0;12669.5;180.0;2017-09-28 03:00:00+00:00;STOP
2017-09-28 03:06:00+00:00;DAX;SHORT;12669.0;12.669;12663.737500000001;12669.471975610404;12658.003024389598;12671.19;12670.35;12674.0;12668.0;12674.0;12669.0;12668.5;180.5;2017-09-28 03:07:00+00:00;STOP
2017-09-28 04:13:00+00:00;DAX;SHORT;12693.5;12.6935;12690.0;12695.275564325015;12684.724435674985;12677.735;12676.7225;12693.5;12691.5;12692.0;12693.5;12690.0;184.0;2017-09-28 04:14:00+00:00;STOP
2017-09-28 05:03:00+00:00;DAX;SHORT;12691.5;12.6915;12688.5;12691.828900561351;12685.171099438649;12686.98;12677.9675;12692.0;12690.5;12690.5;12691.5;12690.5;185.0;2017-09-28 05:04:00+00:00;STOP
2017-09-28 05:11:00+00:00;DAX;SHORT;12692.5;12.6925;12688.7625;12692.80698942845;12684.71801057155;12687.745;12678.5275;12692.5;12691.5;12692.0;12692.5;12694.0;183.5;2017-09-28 05:12:00+00:00;STOP
2017-09-28 05:48:00+00:00;DAX;SHORT;12688.5;12.6885;12684.737500000001;12688.946200261928;12680.528799738075;12686.975;12681.5225;12689.0;12687.5;12687.5;12688.5;12688.0;184.0;2017-09-28 05:49:00+00:00;STOP
2017-09-28 06:50:00+00:00;DAX;LONG;12682.5;12.682500000000001;12686.7125;12693.408924812029;12680.01607518797;12686.865;12687.255;12682.5;12679.5;12680.0;12682.5;12674.0;175.5;2017-09-28 07:22:00+00:00;STOP
2017-09-28 07:25:00+00:00;DAX;LONG;12673.5;12.6735;12678.7625;12684.153525681144;12673.371474318858;12684.045;12685.615;12674.0;12672.0;12672.0;12673.5;12680.0;6.5;2017-09-28 07:34:00+00:00;OK
2017-09-28 09:09:00+00:00;DAX;LONG;12690.0;12.69;12693.425000000001;12697.089911860792;12689.76008813921;12686.015;12684.7425;12692.0;12690.0;12690.0;12690.0;12694.5;4.5;2017-09-28 09:40:00+00:00;OK
2017-09-28 09:43:00+00:00;DAX;SHORT;12692.0;12.692;12687.575000000003;12692.018801123033;12683.131198876972;12688.16;12684.83;12693.5;12691.5;12692.5;12692.0;12691.5;187.0;2017-09-28 09:44:00+00:00;STOP
2017-09-28 09:47:00+00:00;DAX;SHORT;12691.5;12.6915;12688.0;12691.522857691674;12684.477142308326;12688.59;12684.925;12693.5;12691.0;12692.0;12691.5;12692.5;186.0;2017-09-28 09:48:00+00:00;STOP
2017-09-28 10:14:00+00:00;DAX;SHORT;12690.0;12.69;12686.9;12691.846822478275;12681.953177521724;12689.615;12685.615;12692.0;12689.5;12692.0;12690.0;12690.5;185.5;2017-09-28 10:15:00+00:00;STOP
2017-09-28 10:39:00+00:00;DAX;SHORT;12696.0;12.696;12690.7625;12696.200185266052;12685.32481473395;12689.935;12687.1625;12697.0;12695.0;12696.5;12696.0;12698.0;183.5;2017-09-28 10:40:00+00:00;STOP
2017-09-28 10:52:00+00:00;DAX;SHORT;12696.0;12.696;12692.050000000001;12696.538582005607;12687.561417994395;12691.065;12688.675;12696.5;12694.5;12696.5;12696.0;12696.5;183.0;2017-09-28 10:53:00+00:00;STOP
2017-09-29 02:00:00+00:00;DAX;SHORT;12718.5;12.7185;12714.5;12718.948536128235;12710.051463871765;12713.855;12711.1425;12719.5;12712.0;12713.0;12718.5;12716.5;185.0;2017-09-29 02:01:00+00:00;STOP
2017-09-29 02:18:00+00:00;DAX;SHORT;12726.5;12.7265;12715.65;12728.592280771909;12702.70771922809;12715.93;12712.185;12735.5;12726.0;12735.5;12726.5;12726.0;185.5;2017-09-29 02:19:00+00:00;STOP
2017-09-29 02:42:00+00:00;DAX;SHORT;12724.0;12.724;12718.5;12724.06563705154;12712.93436294846;12719.01;12713.8525;12726.0;12724.0;12725.0;12724.0;12725.5;184.0;2017-09-29 02:43:00+00:00;STOP
2017-09-29 03:41:00+00:00;DAX;SHORT;12729.5;12.7295;12724.525000000001;12729.87068197609;12719.179318023913;12721.635;12717.785;12732.5;12729.0;12731.0;12729.5;12726.0;187.5;2017-09-29 03:42:00+00:00;STOP
2017-09-29 04:20:00+00:00;DAX;SHORT;12727.5;12.727500000000001;12724.475;12728.5464021896;12720.4035978104;12722.37;12720.6025;12727.5;12724.5;12725.0;12727.5;12726.0;189.0;2017-09-29 04:21:00+00:00;STOP
2017-09-29 04:42:00+00:00;DAX;SHORT;12730.0;12.73;12726.237500000001;12730.090045296705;12722.384954703297;12723.64;12721.4275;12731.0;12729.0;12729.0;12730.0;12730.5;188.5;2017-09-29 04:43:00+00:00;STOP
2017-09-29 04:49:00+00:00;DAX;SHORT;12728.0;12.728;12724.025000000001;12728.298541610275;12719.751458389728;12724.385;12721.7975;12728.5;12726.5;12728.5;12728.0;12732.0;184.5;2017-09-29 04:50:00+00:00;STOP
2017-09-29 04:54:00+00:00;DAX;SHORT;12730.5;12.730500000000001;12727.075;12730.627241694006;12723.522758305995;12724.87;12722.1;12731.0;12729.0;12731.0;12730.5;12729.0;186.0;2017-09-29 04:55:00+00:00;STOP
2017-09-29 05:12:00+00:00;DAX;SHORT;12734.0;12.734;12730.975;12734.934000405472;12727.015999594529;12726.58;12723.5475;12734.5;12733.5;12734.0;12734.0;12733.0;187.0;2017-09-29 05:13:00+00:00;STOP
2017-09-29 05:24:00+00:00;DAX;SHORT;12737.5;12.7375;12733.787500000002;12740.58842872915;12726.986571270854;12728.095;12724.985;12741.5;12737.5;12741.0;12737.5;12738.0;186.5;2017-09-29 05:25:00+00:00;STOP
2017-09-29 05:33:00+00:00;DAX;SHORT;12740.5;12.7405;12736.075;12740.968335962521;12731.18166403748;12729.8;12726.0675;12744.0;12740.5;12742.5;12740.5;12741.0;186.0;2017-09-29 05:34:00+00:00;STOP
2017-09-29 05:44:00+00:00;DAX;SHORT;12742.0;12.742;12738.525000000001;12742.188116303456;12734.861883696547;12731.97;12727.115;12743.0;12742.0;12742.0;12742.0;12742.5;185.5;2017-09-29 05:45:00+00:00;STOP
2017-09-29 07:18:00+00:00;DAX;SHORT;12741.0;12.741;12738.0;12741.294333252563;12734.705666747437;12738.68;12734.77;12741.0;12740.0;12740.0;12741.0;12743.0;183.5;2017-09-29 07:19:00+00:00;STOP
2017-09-29 07:51:00+00:00;DAX;SHORT;12745.5;12.7455;12742.212500000001;12746.676095435358;12737.748904564645;12739.685;12737.75;12746.5;12744.0;12744.0;12745.5;12744.0;185.0;2017-09-29 07:52:00+00:00;STOP
2017-09-29 07:58:00+00:00;DAX;SHORT;12745.0;12.745000000000001;12739.7625;12745.008801955715;12734.516198044286;12740.165;12738.3875;12745.5;12744.0;12745.5;12745.0;12747.0;183.0;2017-09-29 07:59:00+00:00;STOP
2017-09-29 08:08:00+00:00;DAX;SHORT;12749.0;12.749;12744.025000000001;12749.62833547283;12738.421664527174;12741.19;12739.395;12750.0;12749.0;12749.5;12749.0;12749.0;183.0;2017-09-29 08:09:00+00:00;STOP
2017-09-29 08:21:00+00:00;DAX;SHORT;12754.0;12.754;12750.762499999999;12754.140447056392;12747.384552943606;12742.945;12740.7175;12754.5;12752.5;12753.0;12754.0;12753.0;184.0;2017-09-29 08:22:00+00:00;STOP
2017-09-29 08:42:00+00:00;DAX;SHORT;12757.0;12.757;12751.737500000001;12757.448984275701;12746.026015724301;12746.65;12742.7775;12760.0;12757.0;12759.0;12757.0;12759.5;181.5;2017-09-29 08:43:00+00:00;STOP
2017-09-29 08:44:00+00:00;DAX;SHORT;12758.0;12.758000000000001;12753.0;12758.439620729812;12747.560379270188;12747.075;12742.97;12759.5;12757.5;12759.5;12758.0;12757.5;182.0;2017-09-29 08:45:00+00:00;STOP
2017-09-29 08:56:00+00:00;DAX;SHORT;12763.0;12.763;12759.550000000001;12763.896807661044;12755.203192338959;12749.36;12744.0525;12765.0;12759.0;12760.5;12763.0;12767.5;177.5;2017-09-29 08:57:00+00:00;STOP
2017-09-29 09:03:00+00:00;DAX;SHORT;12767.5;12.7675;12757.737500000001;12769.095780077363;12746.37921992264;12751.235;12745.0075;12774.0;12766.0;12773.5;12767.5;12766.0;179.0;2017-09-29 09:04:00+00:00;STOP
2017-09-29 09:10:00+00:00;DAX;SHORT;12765.5;12.7655;12755.575000000003;12765.842347323076;12745.30765267693;12752.775;12745.9175;12769.0;12765.0;12768.0;12765.5;12765.5;179.0;2017-09-29 09:11:00+00:00;STOP
2017-09-29 09:15:00+00:00;DAX;SHORT;12768.5;12.7685;12765.362500000001;12770.113123227813;12760.61187677219;12754.055;12746.6275;12771.0;12768.0;12769.0;12768.5;12769.0;178.5;2017-09-29 09:16:00+00:00;STOP
2017-09-29 09:24:00+00:00;DAX;SHORT;12770.5;12.7705;12767.2625;12770.862207590464;12763.662792409537;12756.785;12748.0825;12771.0;12770.0;12770.5;12770.5;12769.0;180.0;2017-09-29 09:25:00+00:00;STOP
2017-09-29 09:36:00+00:00;DAX;SHORT;12778.5;12.778500000000001;12769.787500000002;12779.95180803817;12759.623191961835;12760.805;12750.415;12782.5;12778.0;12782.0;12778.5;12780.0;178.5;2017-09-29 09:37:00+00:00;STOP
2017-09-29 09:40:00+00:00;DAX;SHORT;12778.0;12.778;12769.737500000003;12779.04737025745;12760.427629742555;12762.14;12751.225;12782.0;12776.5;12781.5;12778.0;12778.0;178.5;2017-09-29 09:41:00+00:00;STOP
2017-09-29 09:56:00+00:00;DAX;SHORT;12782.5;12.7825;12779.212500000001;12783.09057602868;12775.334423971322;12767.15;12754.65;12783.0;12782.0;12783.0;12782.5;12782.5;178.5;2017-09-29 09:57:00+00:00;STOP
2017-09-29 10:24:00+00:00;DAX;SHORT;12787.5;12.7875;12776.237500000001;12788.748021887386;12763.726978112616;12774.355;12760.715;12793.5;12786.5;12793.0;12787.5;12786.0;180.0;2017-09-29 10:25:00+00:00;STOP
2017-09-29 10:40:00+00:00;DAX;SHORT;12812.5;12.8125;12791.837500000001;12814.078938329107;12769.596061670896;12780.92;12765.6875;12813.0;12810.5;12813.0;12812.5;12810.0;182.5;2017-09-29 10:41:00+00:00;STOP
2017-09-29 11:04:00+00:00;DAX;SHORT;12823.0;12.823;12811.025000000001;12823.612692401708;12798.437307598295;12792.515;12774.65;12823.5;12822.5;12823.5;12823.0;12824.5;181.0;2017-09-29 11:05:00+00:00;STOP
2017-09-29 11:20:00+00:00;DAX;SHORT;12828.0;12.828;12824.45;12828.898536128236;12820.001463871766;12800.53;12781.335;12828.5;12827.5;12828.5;12828.0;12828.5;180.5;2017-09-29 11:21:00+00:00;STOP
2017-09-29 11:32:00+00:00;DAX;SHORT;12833.5;12.8335;12828.025000000001;12834.448640548377;12821.601359451626;12806.835;12786.3725;12835.5;12833.0;12835.5;12833.5;12832.0;182.0;2017-09-29 11:33:00+00:00;STOP
2017-09-29 12:41:00+00:00;DAX;SHORT;12829.5;12.8295;12825.7625;12829.61641120538;12821.908588794622;12829.245;12810.085;12830.0;12829.5;12830.0;12829.5;12830.0;181.5;2017-09-29 12:42:00+00:00;STOP
2017-09-29 12:43:00+00:00;DAX;SHORT;12828.0;12.828;12824.762499999999;12828.618800381399;12820.9061996186;12829.355;12810.6725;12830.0;12827.5;12829.5;12828.0;12829.0;180.5;2017-09-29 12:44:00+00:00;STOP
2017-09-29 14:10:00+00:00;DAX;SHORT;12830.0;12.83;12825.025;12830.10437003968;12819.945629960319;12826.06;12827.1425;12830.5;12830.0;12830.5;12830.0;12830.5;180.0;2017-09-29 14:11:00+00:00;STOP
2017-10-02 01:19:00+00:00;DAX;SHORT;12878.5;12.8785;12873.175000000001;12879.649850130354;12866.700149869648;12839.335;12834.675;12880.5;12878.5;12880.0;12878.5;12880.0;178.5;2017-10-02 01:20:00+00:00;STOP
2017-10-02 02:15:00+00:00;DAX;SHORT;12874.0;12.874;12864.550000000001;12875.810550608208;12853.289449391794;12862.67;12846.205;12879.0;12873.5;12874.5;12874.0;12877.5;175.0;2017-10-02 02:16:00+00:00;STOP
2017-10-02 02:30:00+00:00;DAX;SHORT;12883.0;12.883000000000001;12871.2875;12885.645332998787;12856.929667001214;12871.12;12850.31;12887.5;12881.5;12887.0;12883.0;12881.5;176.5;2017-10-02 02:31:00+00:00;STOP
2017-10-02 02:51:00+00:00;DAX;SHORT;12885.5;12.8855;12881.0;12885.93617154014;12876.06382845986;12876.845;12856.0425;12886.0;12884.5;12886.0;12885.5;12883.0;179.0;2017-10-02 02:52:00+00:00;STOP
2017-10-02 04:59:00+00:00;DAX;LONG;12857.0;12.857000000000001;12863.0;12869.07388716253;12856.92611283747;12859.825;12867.4475;12857.5;12855.0;12856.0;12857.0;12845.0;167.0;2017-10-02 06:20:00+00:00;STOP
2017-10-02 06:25:00+00:00;DAX;LONG;12847.0;12.847;12851.737500000001;12858.34909268972;12845.125907310283;12855.49;12858.185;12847.0;12846.5;12846.5;12847.0;12852.0;5.0;2017-10-02 06:50:00+00:00;OK
2017-10-02 07:45:00+00:00;DAX;LONG;12847.5;12.8475;12851.0;12855.01936103851;12846.98063896149;12849.645;12853.7425;12848.5;12847.0;12848.0;12847.5;12839.0;163.5;2017-10-02 08:25:00+00:00;STOP
2017-10-02 08:29:00+00:00;DAX;LONG;12842.0;12.842;12845.050000000001;12849.048354924875;12841.051645075127;12847.985;12850.425;12843.5;12842.0;12842.0;12842.0;12846.0;4.0;2017-10-02 08:32:00+00:00;OK
2017-10-02 09:11:00+00:00;DAX;LONG;12858.0;12.858;12861.5;12865.716508907666;12857.283491092334;12850.295;12850.2825;12862.0;12858.0;12862.0;12858.0;12861.5;3.5;2017-10-02 09:13:00+00:00;OK
2017-10-02 09:21:00+00:00;DAX;SHORT;12863.5;12.8635;12860.312500000002;12864.264847736675;12856.360152263329;12851.3;12850.59;12864.0;12862.0;12862.0;12863.5;12862.0;172.5;2017-10-02 09:22:00+00:00;STOP
2017-10-02 10:16:00+00:00;DAX;SHORT;12876.5;12.8765;12872.45;12877.255698371944;12867.644301628057;12863.105;12855.305;12879.0;12876.5;12878.0;12876.5;12877.5;171.5;2017-10-02 10:17:00+00:00;STOP
2017-10-02 10:18:00+00:00;DAX;SHORT;12877.5;12.8775;12874.3125;12877.767473531774;12870.857526468226;12863.71;12855.555;12878.5;12877.0;12878.0;12877.5;12877.5;171.5;2017-10-02 10:19:00+00:00;STOP
2017-10-02 10:30:00+00:00;DAX;SHORT;12884.0;12.884;12879.0;12884.097987218915;12873.902012781085;12866.945;12857.42;12887.5;12881.5;12886.5;12884.0;12887.5;168.0;2017-10-02 10:31:00+00:00;STOP
2017-10-02 10:42:00+00:00;DAX;SHORT;12889.0;12.889000000000001;12882.362500000001;12891.338491368793;12873.386508631209;12870.48;12859.8325;12889.5;12888.0;12889.5;12889.0;12889.0;168.0;2017-10-02 10:43:00+00:00;STOP
2017-10-02 11:24:00+00:00;DAX;SHORT;12888.0;12.888;12885.0;12888.570345700497;12881.429654299503;12881.505;12867.8125;12889.5;12888.0;12889.5;12888.0;12888.0;168.0;2017-10-02 11:25:00+00:00;STOP
2017-10-02 12:22:00+00:00;DAX;SHORT;12894.5;12.8945;12891.312500000002;12894.873989930678;12887.751010069325;12888.49;12879.485;12894.5;12894.0;12894.5;12894.5;12894.0;168.5;2017-10-02 12:23:00+00:00;STOP
2017-10-02 14:58:00+00:00;DAX;SHORT;12904.0;12.904;12897.525000000001;12904.194648455978;12890.855351544025;12895.665;12893.935;12906.0;12903.0;12905.5;12904.0;12901.0;171.5;2017-10-02 14:59:00+00:00;STOP
2017-10-04 01:25:00+00:00;DAX;SHORT;12942.5;12.9425;12935.475;12942.847780665179;12928.102219334822;12910.15;12904.825;12943.5;12942.0;12943.5;12942.5;12942.0;172.0;2017-10-04 01:26:00+00:00;STOP
2017-10-04 02:00:00+00:00;DAX;SHORT;12945.0;12.945;12941.0;12952.722560345446;12929.277439654554;12925.635;12912.5675;12958.5;12941.0;12957.5;12945.0;12941.5;175.5;2017-10-04 02:01:00+00:00;STOP
2017-10-04 02:14:00+00:00;DAX;SHORT;12957.5;12.9575;12952.2875;12964.483271484629;12940.091728515372;12932.675;12916.0875;12965.0;12957.0;12965.0;12957.5;12952.5;180.5;2017-10-04 02:15:00+00:00;STOP
2017-10-04 03:30:00+00:00;DAX;SHORT;12912.0;12.912;12908.600000000002;12914.50160549075;12902.698394509254;12928.46;12924.4475;12914.0;12912.0;12913.0;12912.0;12912.0;180.5;2017-10-04 03:31:00+00:00;STOP
2017-10-04 03:36:00+00:00;DAX;SHORT;12911.0;12.911;12906.262500000003;12911.213576437984;12901.311423562021;12926.12;12924.825;12914.0;12911.0;12913.5;12911.0;12912.5;179.0;2017-10-04 03:37:00+00:00;STOP
2017-10-04 04:07:00+00:00;DAX;LONG;12903.0;12.903;12910.0;12917.433211390708;12902.566788609292;12914.445;12926.285;12903.5;12901.5;12902.5;12903.0;12910.0;7.0;2017-10-04 04:13:00+00:00;OK
2017-10-04 04:32:00+00:00;DAX;LONG;12905.5;12.9055;12908.6875;12912.559124166188;12904.815875833812;12910.84;12924.8925;12909.0;12905.0;12908.5;12905.5;12894.5;175.0;2017-10-04 05:04:00+00:00;STOP
2017-10-04 05:14:00+00:00;DAX;LONG;12892.5;12.8925;12902.45;12912.510213453841;12892.38978654616;12905.975;12916.4475;12893.5;12892.0;12893.0;12892.5;12903.0;10.5;2017-10-04 06:53:00+00:00;OK
2017-10-04 07:37:00+00:00;DAX;SHORT;12914.0;12.914;12909.7875;12914.438193213751;12905.13680678625;12901.15;12900.485;12916.5;12914.0;12915.0;12914.0;12917.0;182.5;2017-10-04 07:38:00+00:00;STOP
2017-10-04 07:40:00+00:00;DAX;SHORT;12914.0;12.914;12908.95;12914.513981913778;12903.386018086223;12901.995;12900.5375;12915.5;12913.5;12915.0;12914.0;12912.5;184.0;2017-10-04 07:41:00+00:00;STOP
2017-10-04 07:45:00+00:00;DAX;SHORT;12915.0;12.915000000000001;12911.2625;12915.357104922785;12907.167895077217;12903.27;12900.6;12916.5;12913.0;12913.5;12915.0;12918.5;180.5;2017-10-04 07:46:00+00:00;STOP
2017-10-04 07:57:00+00:00;DAX;SHORT;12924.0;12.924;12916.212500000001;12924.64972952783;12907.775270472173;12906.75;12901.4475;12925.5;12923.5;12925.5;12924.0;12924.0;180.5;2017-10-04 07:58:00+00:00;STOP
2017-10-04 08:10:00+00:00;DAX;SHORT;12931.5;12.9315;12921.025000000001;12931.57513095454;12910.474869045463;12910.955;12903.1725;12933.0;12931.5;12932.5;12931.5;12932.5;179.5;2017-10-04 08:11:00+00:00;STOP
2017-10-04 08:12:00+00:00;DAX;SHORT;12933.5;12.9335;12924.3375;12933.721697242958;12914.953302757041;12911.705;12903.4175;12934.5;12932.5;12932.5;12933.5;12934.0;179.0;2017-10-04 08:13:00+00:00;STOP
2017-10-04 08:17:00+00:00;DAX;SHORT;12932.0;12.932;12925.05;12932.030235254668;12918.06976474533;12913.615;12904.145;12934.5;12931.0;12934.0;12932.0;12931.5;179.5;2017-10-04 08:18:00+00:00;STOP
2017-10-04 08:43:00+00:00;DAX;SHORT;12932.0;12.932;12926.7625;12934.328872975211;12919.19612702479;12921.33;12908.5525;12936.0;12932.0;12936.0;12932.0;12926.5;185.0;2017-10-04 08:44:00+00:00;STOP
2017-10-04 09:26:00+00:00;DAX;SHORT;12949.5;12.9495;12946.337500000001;12950.349324627537;12942.325675372465;12933.145;12918.35;12952.0;12949.5;12951.0;12949.5;12953.0;181.5;2017-10-04 09:27:00+00:00;STOP
2017-10-04 09:31:00+00:00;DAX;SHORT;12952.0;12.952;12945.5;12952.161752574842;12938.838247425158;12934.915;12919.905;12958.0;12951.5;12956.0;12952.0;12949.5;184.0;2017-10-04 09:32:00+00:00;STOP
2017-10-04 10:06:00+00:00;DAX;SHORT;12945.5;12.945500000000001;12941.55;12947.675657859407;12935.424342140592;12939.755;12928.0975;12951.5;12945.0;12951.0;12945.5;12946.5;183.0;2017-10-04 10:07:00+00:00;STOP
2017-10-04 10:30:00+00:00;DAX;SHORT;12955.5;12.9555;12950.762499999999;12955.895212425423;12945.629787574575;12944.71;12933.5825;12959.5;12955.0;12958.0;12955.5;12957.5;181.0;2017-10-04 10:31:00+00:00;STOP
2017-10-04 10:41:00+00:00;DAX;SHORT;12959.0;12.959;12949.7375;12960.163176804988;12939.31182319501;12948.25;12936.465;12960.5;12958.0;12960.5;12959.0;12957.5;182.5;2017-10-04 10:42:00+00:00;STOP
2017-10-04 10:54:00+00:00;DAX;SHORT;12967.0;12.967;12961.475;12968.128847323957;12954.821152676044;12950.52;12939.855;12971.0;12966.5;12970.0;12967.0;12966.0;183.5;2017-10-04 10:55:00+00:00;STOP
2017-10-04 11:01:00+00:00;DAX;SHORT;12964.0;12.964;12957.7625;12965.084241236676;12950.440758763325;12951.85;12941.65;12967.0;12964.0;12967.0;12964.0;12965.5;182.0;2017-10-04 11:02:00+00:00;STOP
2017-10-04 11:24:00+00:00;DAX;SHORT;12968.5;12.9685;12965.5;12969.104091242492;12961.895908757508;12956.545;12946.71;12968.5;12968.5;12968.5;12968.5;12967.0;183.5;2017-10-04 11:25:00+00:00;STOP
2017-10-04 12:54:00+00:00;DAX;LONG;12931.0;12.931000000000001;12936.6625;12942.414158799631;12930.91084120037;12950.66;12952.18;12931.0;12929.5;12929.5;12931.0;12937.5;6.5;2017-10-04 14:00:00+00:00;OK
2017-10-04 14:59:00+00:00;DAX;LONG;12934.0;12.934000000000001;12938.0;12944.398190533679;12931.601809466321;12935.815;12939.0525;12934.0;12929.5;12931.0;12934.0;12925.5;181.5;2017-10-05 01:49:00+00:00;STOP
2017-10-05 01:51:00+00:00;DAX;LONG;12930.0;12.93;12933.237500000001;12938.7422826096;12927.732717390401;12933.75;12933.7475;12931.0;12928.0;12928.5;12930.0;12935.5;5.5;2017-10-05 01:55:00+00:00;OK
2017-10-05 02:17:00+00:00;DAX;SHORT;12937.0;12.937;12932.1875;12939.368432354067;12925.006567645933;12934.005;12933.5125;12939.0;12935.5;12936.0;12937.0;12939.5;184.5;2017-10-05 02:18:00+00:00;STOP
2017-10-05 02:34:00+00:00;DAX;SHORT;12941.0;12.941;12934.8375;12941.517399148308;12928.157600851691;12935.12;12934.06;12943.0;12941.0;12941.5;12941.0;12945.0;180.5;2017-10-05 02:35:00+00:00;STOP
2017-10-05 02:36:00+00:00;DAX;SHORT;12943.0;12.943;12938.312500000002;12944.904959807674;12931.72004019233;12935.34;12934.17;12945.5;12942.5;12944.5;12943.0;12940.0;183.5;2017-10-05 02:37:00+00:00;STOP
2017-10-05 02:45:00+00:00;DAX;SHORT;12942.0;12.942;12934.600000000002;12942.188772870777;12927.011227129227;12935.91;12934.675;12946.0;12941.0;12946.0;12942.0;12944.0;181.5;2017-10-05 02:46:00+00:00;STOP
2017-10-05 02:50:00+00:00;DAX;SHORT;12949.0;12.949;12943.187500000002;12949.557454143438;12936.817545856566;12936.485;12935.0275;12954.0;12948.0;12950.5;12949.0;12947.5;183.0;2017-10-05 02:51:00+00:00;STOP
2017-10-05 02:59:00+00:00;DAX;SHORT;12948.5;12.948500000000001;12943.812500000002;12949.27625617858;12938.348743821423;12937.815;12935.685;12950.0;12947.5;12949.5;12948.5;12947.0;184.5;2017-10-05 03:00:00+00:00;STOP
2017-10-05 03:35:00+00:00;DAX;SHORT;12946.5;12.9465;12943.0;12946.590924232298;12939.409075767702;12942.075;12937.9025;12947.0;12945.5;12945.5;12946.5;12948.5;182.5;2017-10-05 03:36:00+00:00;STOP
2017-10-05 07:17:00+00:00;DAX;SHORT;12944.5;12.9445;12941.2625;12944.527546142981;12937.99745385702;12934.955;12933.055;12945.5;12944.0;12945.0;12944.5;12944.5;182.5;2017-10-05 07:18:00+00:00;STOP
2017-10-05 08:06:00+00:00;DAX;SHORT;12940.5;12.9405;12936.737500000001;12941.361237380997;12932.113762619005;12939.13;12935.12;12940.5;12938.5;12938.5;12940.5;12939.5;183.5;2017-10-05 08:07:00+00:00;STOP
2017-10-05 08:22:00+00:00;DAX;SHORT;12943.0;12.943;12939.5;12943.659959513972;12935.340040486028;12940.145;12936.0325;12943.0;12942.5;12943.0;12943.0;12942.0;184.5;2017-10-05 08:23:00+00:00;STOP
2017-10-05 08:46:00+00:00;DAX;SHORT;12948.5;12.948500000000001;12938.237500000001;12949.242164082969;12927.232835917033;12940.565;12937.05;12953.5;12947.5;12951.5;12948.5;12948.0;185.0;2017-10-05 08:47:00+00:00;STOP
2017-10-05 08:53:00+00:00;DAX;SHORT;12952.0;12.952;12940.575;12952.261249229443;12928.888750770559;12940.97;12937.6875;12952.5;12950.0;12950.0;12952.0;12958.0;179.0;2017-10-05 08:54:00+00:00;STOP
2017-10-05 10:11:00+00:00;DAX;SHORT;12945.5;12.945500000000001;12941.025;12945.912147483585;12936.137852516415;12944.43;12942.37;12945.5;12943.5;12945.5;12945.5;12947.0;177.5;2017-10-05 10:12:00+00:00;STOP
2017-10-05 10:13:00+00:00;DAX;SHORT;12945.5;12.945500000000001;12940.262499999999;12946.1139505624;12934.411049437598;12944.585;12942.4475;12947.5;12945.5;12946.5;12945.5;12946.5;176.5;2017-10-05 10:14:00+00:00;STOP
2017-10-05 10:35:00+00:00;DAX;SHORT;12956.0;12.956;12948.475;12956.820184555369;12940.129815444632;12945.69;12943.4225;12958.5;12955.0;12957.5;12956.0;12954.5;178.0;2017-10-05 10:36:00+00:00;STOP
2017-10-05 10:39:00+00:00;DAX;SHORT;12956.0;12.956;12948.787500000002;12956.434136687565;12941.14086331244;12945.83;12943.6525;12957.5;12955.0;12957.5;12956.0;12958.0;176.0;2017-10-05 10:40:00+00:00;STOP
2017-10-05 10:41:00+00:00;DAX;SHORT;12957.5;12.9575;12951.2625;12958.421410531639;12944.103589468363;12945.925;12943.78;12958.0;12957.0;12958.0;12957.5;12955.5;178.0;2017-10-05 10:42:00+00:00;STOP
2017-10-05 11:12:00+00:00;DAX;SHORT;12964.5;12.964500000000001;12961.262499999999;12965.118800381399;12957.4061996186;12950.705;12946.8175;12964.5;12964.0;12964.5;12964.5;12965.0;177.5;2017-10-05 11:13:00+00:00;STOP
2017-10-05 11:27:00+00:00;DAX;SHORT;12966.0;12.966000000000001;12962.7625;12966.094956024901;12959.4300439751;12954.135;12949.085;12967.5;12966.0;12967.0;12966.0;12965.5;178.0;2017-10-05 11:28:00+00:00;STOP
2017-10-05 12:31:00+00:00;DAX;SHORT;12972.0;12.972;12967.0;12973.384809274652;12960.615190725348;12965.65;12956.3475;12975.5;12972.0;12975.5;12972.0;12973.5;176.5;2017-10-05 12:32:00+00:00;STOP
2017-10-05 12:42:00+00:00;DAX;SHORT;12975.0;12.975;12971.762499999999;12975.58590437995;12967.939095620048;12967.32;12957.9775;12977.0;12975.0;12977.0;12975.0;12973.5;178.0;2017-10-05 12:43:00+00:00;STOP
2017-10-05 14:06:00+00:00;DAX;SHORT;12973.0;12.973;12969.762500000003;12973.84283366369;12965.682166336315;12972.12;12968.4775;12975.0;12972.5;12975.0;12973.0;12973.0;178.0;2017-10-05 14:07:00+00:00;STOP
2017-10-05 14:47:00+00:00;DAX;SHORT;12972.5;12.9725;12966.475;12972.629801292274;12960.320198707726;12970.275;12969.9675;12972.5;12972.0;12972.5;12972.5;12971.5;179.0;2017-10-05 14:48:00+00:00;STOP
2017-10-06 02:07:00+00:00;DAX;LONG;12966.0;12.966000000000001;12974.237500000001;12983.113695249389;12965.361304750613;12975.09;12975.8125;12966.0;12960.0;12960.5;12966.0;12974.5;8.5;2017-10-06 02:22:00+00:00;OK
2017-10-06 02:45:00+00:00;DAX;LONG;12968.0;12.968;12973.5;12979.406953975033;12967.593046024967;12972.975;12974.9975;12972.5;12967.5;12972.5;12968.0;12974.5;6.5;2017-10-06 04:57:00+00:00;OK
2017-10-06 05:31:00+00:00;DAX;LONG;12968.5;12.9685;12973.525000000001;12978.730260497046;12968.319739502957;12969.42;12969.26;12969.5;12968.0;12969.5;12968.5;12975.5;7.0;2017-10-06 06:00:00+00:00;OK
2017-10-06 06:06:00+00:00;DAX;SHORT;12980.0;12.98;12971.6875;12981.195806617734;12962.179193382266;12971.21;12969.22;12982.0;12980.0;12982.0;12980.0;12979.0;202.0;2017-10-06 06:07:00+00:00;STOP
2017-10-06 08:00:00+00:00;DAX;LONG;12947.0;12.947000000000001;12968.2625;12989.61542411875;12946.909575881251;12969.47;12970.975;12948.5;12943.5;12944.0;12947.0;12969.0;22.0;2017-10-06 09:05:00+00:00;OK
2017-10-06 09:44:00+00:00;DAX;LONG;12940.0;12.94;12959.449999999999;12979.861812885267;12939.038187114731;12955.86;12962.1825;12941.0;12938.0;12938.5;12940.0;12960.5;20.5;2017-10-06 14:40:00+00:00;OK
2017-10-06 14:49:00+00:00;DAX;SHORT;12957.0;12.957;12954.0;12960.325387443927;12947.674612556073;12949.235;12946.735;12960.5;12957.0;12960.0;12957.0;12957.5;244.0;2017-10-06 14:50:00+00:00;STOP
2017-10-09 02:07:00+00:00;DAX;SHORT;12974.5;12.9745;12967.0;12976.284395510747;12957.715604489253;12963.77;12958.5475;12979.0;12973.5;12979.0;12974.5;12975.0;243.5;2017-10-09 02:08:00+00:00;STOP
2017-10-09 02:10:00+00:00;DAX;SHORT;12976.0;12.976;12966.025000000001;12976.18477620972;12955.865223790282;12964.485;12958.815;12978.5;12975.5;12977.5;12976.0;12972.0;247.5;2017-10-09 02:11:00+00:00;STOP
2017-10-09 02:21:00+00:00;DAX;SHORT;12979.0;12.979000000000001;12972.525;12980.989165952009;12964.06083404799;12967.26;12959.9125;12984.5;12978.5;12984.5;12979.0;12984.0;242.5;2017-10-09 02:22:00+00:00;STOP
2017-10-09 02:23:00+00:00;DAX;SHORT;12986.5;12.9865;12977.862500000001;12987.166008110273;12968.55899188973;12967.915;12960.2075;12988.0;12983.5;12984.0;12986.5;12982.0;247.0;2017-10-09 02:24:00+00:00;STOP
2017-10-09 03:23:00+00:00;DAX;SHORT;12972.5;12.9725;12967.475;12973.802883158147;12961.147116841854;12974.21;12966.99;12973.0;12970.5;12972.5;12972.5;12972.5;247.0;2017-10-09 03:24:00+00:00;STOP
2017-10-09 04:26:00+00:00;DAX;LONG;12949.0;12.949;12954.975;12963.886258402481;12946.06374159752;12966.29;12969.375;12949.5;12946.5;12946.5;12949.0;12941.0;239.0;2017-10-09 04:42:00+00:00;STOP
2017-10-09 04:43:00+00:00;DAX;LONG;12942.5;12.9425;12946.025;12952.114464586264;12939.935535413735;12961.565;12967.665;12942.5;12939.0;12941.5;12942.5;12947.0;4.5;2017-10-09 04:55:00+00:00;OK
2017-10-09 04:56:00+00:00;DAX;LONG;12946.5;12.9465;12951.1;12958.70522673457;12943.494773265431;12958.23;12965.9775;12947.0;12945.5;12947.0;12946.5;12951.5;5.0;2017-10-09 05:08:00+00:00;OK
2017-10-09 05:50:00+00:00;DAX;LONG;12950.5;12.9505;12953.5;12958.162278638742;12948.837721361258;12950.045;12960.0375;12950.5;12947.5;12947.5;12950.5;12943.5;241.5;2017-10-09 05:57:00+00:00;STOP
2017-10-09 06:04:00+00:00;DAX;LONG;12943.0;12.943;12946.45;12950.20709854458;12942.69290145542;12948.69;12957.7825;12944.5;12942.0;12944.5;12943.0;12947.0;4.0;2017-10-09 06:23:00+00:00;OK
2017-10-09 07:25:00+00:00;DAX;LONG;12954.0;12.954;12957.05;12960.69005494464;12953.409945055359;12950.64;12950.56;12954.0;12952.5;12953.0;12954.0;12946.0;237.5;2017-10-09 07:39:00+00:00;STOP
2017-10-09 07:58:00+00:00;DAX;SHORT;12952.5;12.9525;12947.3125;12953.109731644228;12941.515268355772;12952.815;12950.3475;12953.5;12951.5;12953.5;12952.5;12954.5;235.5;2017-10-09 07:59:00+00:00;STOP
2017-10-09 08:00:00+00:00;DAX;SHORT;12953.0;12.953;12948.5;12953.764328817118;12943.235671182882;12953.005;12950.4;12954.5;12953.0;12954.0;12953.0;12955.0;233.5;2017-10-09 08:01:00+00:00;STOP
2017-10-09 08:09:00+00:00;DAX;SHORT;12955.5;12.9555;12952.2875;12955.91886917777;12948.65613082223;12953.7;12951.07;12957.0;12955.5;12956.5;12955.5;12956.5;232.5;2017-10-09 08:10:00+00:00;STOP
2017-10-09 08:23:00+00:00;DAX;SHORT;12962.5;12.9625;12957.2625;12962.995828233372;12951.52917176663;12954.82;12952.1275;12964.0;12962.5;12964.0;12962.5;12962.0;233.0;2017-10-09 08:24:00+00:00;STOP
2017-10-09 10:09:00+00:00;DAX;SHORT;12954.0;12.954;12950.025000000001;12955.11859763253;12944.931402367472;12957.865;12956.495;12956.0;12954.0;12956.0;12954.0;12956.0;231.0;2017-10-09 10:10:00+00:00;STOP
2017-10-09 10:23:00+00:00;DAX;SHORT;12960.5;12.9605;12956.837500000001;12960.722694569402;12952.952305430601;12957.48;12956.7075;12961.5;12960.0;12961.0;12960.5;12960.5;231.0;2017-10-09 10:24:00+00:00;STOP
2017-10-09 10:39:00+00:00;DAX;SHORT;12966.0;12.966000000000001;12960.050000000003;12966.547772897819;12953.552227102187;12958.345;12957.3875;12967.0;12966.0;12967.0;12966.0;12965.0;232.0;2017-10-09 10:40:00+00:00;STOP
2017-10-09 11:11:00+00:00;DAX;LONG;12957.0;12.957;12962.2625;12967.815119106996;12956.709880893006;12958.945;12959.015;12957.0;12956.0;12956.5;12957.0;12949.5;224.5;2017-10-09 12:05:00+00:00;STOP
2017-10-09 14:22:00+00:00;DAX;LONG;12936.5;12.9365;12940.475;12944.716089730868;12936.233910269133;12944.71;12948.73;12936.5;12935.5;12935.5;12936.5;12929.0;217.0;2017-10-09 14:46:00+00:00;STOP
2017-10-09 14:53:00+00:00;DAX;LONG;12930.0;12.93;12933.237500000001;12937.617778770269;12928.857221229733;12939.61;12945.1625;12930.0;12929.0;12929.0;12930.0;12935.0;5.0;2017-10-09 14:55:00+00:00;OK
2017-10-10 01:25:00+00:00;DAX;LONG;12946.0;12.946;12949.1625;12952.827411860791;12945.49758813921;12938.965;12936.9825;12946.0;12945.0;12945.0;12946.0;12949.5;3.5;2017-10-10 01:28:00+00:00;OK
2017-10-10 01:57:00+00:00;DAX;SHORT;12954.5;12.9545;12951.187500000002;12955.732885166937;12946.642114833066;12943.605;12939.29;12959.0;12954.5;12957.5;12954.5;12957.0;223.0;2017-10-10 01:58:00+00:00;STOP
2017-10-10 02:24:00+00:00;DAX;SHORT;12952.0;12.952;12946.400000000001;12953.339399336968;12939.460600663035;12947.69;12941.845;12956.0;12952.0;12955.5;12952.0;12954.0;221.0;2017-10-10 02:25:00+00:00;STOP
2017-10-10 02:28:00+00:00;DAX;SHORT;12952.5;12.9525;12948.312500000002;12953.172649445398;12943.452350554606;12948.4;12942.2;12955.5;12952.5;12955.0;12952.5;12950.5;223.0;2017-10-10 02:29:00+00:00;STOP
2017-10-10 02:36:00+00:00;DAX;SHORT;12957.0;12.957;12951.7625;12957.099560101435;12946.425439898567;12949.85;12942.925;12958.5;12956.0;12957.5;12957.0;12958.0;222.0;2017-10-10 02:37:00+00:00;STOP
2017-10-10 02:38:00+00:00;DAX;SHORT;12957.0;12.957;12951.8125;12957.481204483947;12946.143795516053;12950.28;12943.14;12959.0;12956.5;12957.5;12957.0;12957.0;222.0;2017-10-10 02:39:00+00:00;STOP
2017-10-10 02:44:00+00:00;DAX;SHORT;12961.0;12.961;12953.737500000001;12961.66546516005;12945.809534839953;12950.945;12943.88;12963.5;12961.0;12962.0;12961.0;12960.0;223.0;2017-10-10 02:45:00+00:00;STOP
2017-10-10 02:51:00+00:00;DAX;SHORT;12957.5;12.9575;12953.050000000001;12958.326312508203;12947.7736874918;12951.73;12944.7;12959.5;12956.5;12959.5;12957.5;12959.5;221.0;2017-10-10 02:52:00+00:00;STOP
2017-10-10 02:59:00+00:00;DAX;SHORT;12967.5;12.967500000000001;12961.55;12968.326701573074;12954.773298426924;12953.205;12945.8275;12972.5;12966.0;12971.5;12967.5;12969.5;219.0;2017-10-10 03:00:00+00:00;STOP
2017-10-10 03:01:00+00:00;DAX;SHORT;12969.0;12.969;12961.525;12969.659397399477;12953.390602600522;12953.7;12946.16;12970.0;12967.0;12969.0;12969.0;12967.0;221.0;2017-10-10 03:02:00+00:00;STOP
2017-10-10 04:26:00+00:00;DAX;LONG;12943.5;12.9435;12946.5;12950.254295785111;12942.745704214889;12945.61;12948.36;12944.0;12942.0;12942.0;12943.5;12946.5;3.0;2017-10-10 04:37:00+00:00;OK
2017-10-10 05:10:00+00:00;DAX;LONG;12950.0;12.950000000000001;12953.0;12957.644181419006;12948.355818580994;12941.955;12948.1125;12951.0;12949.5;12950.0;12950.0;12953.0;3.0;2017-10-10 05:26:00+00:00;OK
2017-10-10 05:41:00+00:00;DAX;SHORT;12959.0;12.959;12951.55;12959.950501238178;12943.14949876182;12948.87;12948.5675;12961.5;12959.0;12961.0;12959.0;12957.5;228.5;2017-10-10 05:42:00+00:00;STOP
2017-10-10 08:17:00+00:00;DAX;LONG;12946.0;12.946;12949.287500000002;12953.201039251586;12945.373960748419;12948.695;12951.335;12946.5;12944.5;12944.5;12946.0;12949.5;3.5;2017-10-10 08:36:00+00:00;OK
2017-10-10 08:50:00+00:00;DAX;LONG;12937.5;12.9375;12946.525;12956.528157396278;12936.52184260372;12948.485;12951.2675;12947.0;12937.5;12946.5;12937.5;12929.5;224.0;2017-10-10 08:53:00+00:00;STOP
2017-10-10 08:56:00+00:00;DAX;LONG;12929.0;12.929;12949.600000000002;12972.806169778522;12926.393830221483;12947.47;12950.32;12929.5;12926.0;12926.0;12929.0;12914.5;209.5;2017-10-10 09:19:00+00:00;STOP
2017-10-10 09:25:00+00:00;DAX;LONG;12909.5;12.9095;12929.900000000001;12950.697962956932;12909.10203704307;12941.2;12945.68;12910.5;12908.0;12910.5;12909.5;12932.0;22.5;2017-10-10 10:00:00+00:00;OK
2017-10-10 10:36:00+00:00;DAX;LONG;12938.0;12.938;12942.2875;12947.971040408844;12936.603959591157;12927.94;12937.705;12938.5;12935.0;12936.0;12938.0;12930.0;224.0;2017-10-10 10:55:00+00:00;STOP
2017-10-10 11:00:00+00:00;DAX;LONG;12932.0;12.932;12937.475000000002;12944.372749442278;12930.577250557726;12928.905;12936.045;12932.0;12930.0;12930.5;12932.0;12924.0;216.0;2017-10-10 11:08:00+00:00;STOP
2017-10-10 11:38:00+00:00;DAX;SHORT;12935.5;12.935500000000001;12931.0;12935.614336925622;12926.385663074378;12934.1;12932.6325;12937.0;12935.5;12936.0;12935.5;12936.0;215.5;2017-10-10 11:39:00+00:00;STOP
2017-10-10 11:54:00+00:00;DAX;SHORT;12939.5;12.9395;12936.2625;12940.958242752751;12931.56675724725;12935.445;12932.1275;12941.0;12939.0;12941.0;12939.5;12940.5;214.5;2017-10-10 11:55:00+00:00;STOP
2017-10-10 12:12:00+00:00;DAX;SHORT;12944.0;12.944;12940.2125;12944.25698942845;12936.16801057155;12935.28;12931.3625;12946.0;12944.0;12946.0;12944.0;12944.0;214.5;2017-10-10 12:13:00+00:00;STOP
2017-10-10 12:17:00+00:00;DAX;SHORT;12943.5;12.9435;12938.525000000001;12944.006788029468;12933.043211970535;12935.565;12931.765;12950.5;12940.0;12949.5;12943.5;12943.5;214.5;2017-10-10 12:18:00+00:00;STOP
2017-10-10 12:42:00+00:00;DAX;SHORT;12958.5;12.9585;12940.737500000001;12962.753044747436;12918.721955252566;12937.915;12933.645;12966.0;12958.5;12965.0;12958.5;12956.0;217.0;2017-10-10 12:43:00+00:00;STOP
2017-10-11 01:19:00+00:00;DAX;LONG;12958.5;12.9585;12963.85;12969.483546139447;12958.216453860554;12953.25;12953.3225;12958.5;12958.5;12958.5;12958.5;12951.0;209.5;2017-10-11 02:03:00+00:00;STOP
2017-10-11 02:15:00+00:00;DAX;SHORT;12962.0;12.962;12956.050000000001;12962.076258331144;12950.023741668858;12956.1;12953.6875;12962.0;12958.5;12962.0;12962.0;12961.5;210.0;2017-10-11 02:16:00+00:00;STOP
2017-10-11 03:02:00+00:00;DAX;LONG;12944.0;12.944;12947.0;12950.785011993306;12943.214988006694;12952.905;12953.145;12945.0;12939.5;12943.0;12944.0;12947.5;3.5;2017-10-11 03:05:00+00:00;OK
2017-10-11 03:22:00+00:00;DAX;LONG;12941.5;12.9415;12946.237500000001;12951.462943824012;12941.01205617599;12950.98;12952.675;12943.0;12941.5;12943.0;12941.5;12947.5;6.0;2017-10-11 03:28:00+00:00;OK
2017-10-11 03:30:00+00:00;DAX;LONG;12945.5;12.945500000000001;12948.975;12953.356780460043;12944.593219539958;12950.14;12952.4025;12946.0;12944.5;12944.5;12945.5;12949.5;4.0;2017-10-11 03:55:00+00:00;OK
2017-10-11 04:27:00+00:00;DAX;LONG;12944.5;12.9445;12947.712500000001;12951.314765369108;12944.110234630894;12945.915;12950.5575;12945.0;12944.0;12944.0;12944.5;12948.5;4.0;2017-10-11 05:01:00+00:00;OK
2017-10-11 07:03:00+00:00;DAX;LONG;12921.5;12.9215;12927.612500000001;12935.808134267867;12919.416865732135;12942.09;12944.415;12921.5;12917.0;12919.5;12921.5;12928.5;7.0;2017-10-11 07:06:00+00:00;OK
2017-10-11 07:47:00+00:00;DAX;LONG;12937.5;12.9375;12941.5;12945.65616219733;12937.34383780267;12936.725;12942.2;12939.0;12937.0;12937.0;12937.5;12942.0;4.5;2017-10-11 07:50:00+00:00;OK
2017-10-11 08:42:00+00:00;DAX;LONG;12950.0;12.950000000000001;12953.762500000003;12957.742714223277;12949.782285776728;12943.05;12942.7225;12951.0;12950.0;12951.0;12950.0;12955.0;5.0;2017-10-11 08:59:00+00:00;OK
2017-10-11 09:25:00+00:00;DAX;SHORT;12957.0;12.957;12953.050000000001;12957.271187161527;12948.828812838476;12949.55;12943.21;12957.0;12955.5;12955.5;12957.0;12957.0;244.0;2017-10-11 09:26:00+00:00;STOP
2017-10-11 09:34:00+00:00;DAX;SHORT;12955.0;12.955;12951.712500000001;12957.267014522347;12946.157985477656;12950.77;12943.625;12956.0;12954.0;12956.0;12955.0;12952.5;246.5;2017-10-11 09:35:00+00:00;STOP
2017-10-11 09:39:00+00:00;DAX;SHORT;12953.5;12.9535;12949.550000000003;12954.301454071072;12944.798545928934;12951.24;12943.8075;12954.5;12953.0;12954.0;12953.5;12953.5;246.5;2017-10-11 09:40:00+00:00;STOP
2017-10-11 09:48:00+00:00;DAX;SHORT;12959.0;12.959;12953.550000000001;12959.722093392207;12947.377906607795;12952.29;12944.43;12960.5;12958.5;12960.5;12959.0;12956.5;249.0;2017-10-11 09:49:00+00:00;STOP
2017-10-11 09:56:00+00:00;DAX;SHORT;12957.0;12.957;12953.3125;12959.02006653833;12947.60493346167;12953.04;12945.0875;12960.0;12957.0;12960.0;12957.0;12956.5;249.5;2017-10-11 09:57:00+00:00;STOP
2017-10-11 10:12:00+00:00;DAX;SHORT;12961.5;12.961500000000001;12957.550000000001;12961.783637231807;12953.316362768195;12954.36;12947.2825;12963.5;12961.5;12963.5;12961.5;12961.5;249.5;2017-10-11 10:13:00+00:00;STOP
2017-10-11 10:19:00+00:00;DAX;SHORT;12961.0;12.961;12957.5;12961.542862456492;12953.457137543508;12955.1;12948.6025;12962.5;12960.5;12961.0;12961.0;12962.0;248.5;2017-10-11 10:20:00+00:00;STOP
2017-10-11 11:14:00+00:00;DAX;SHORT;12957.5;12.9575;12954.5;12957.869757136337;12951.130242863663;12958.42;12954.595;12957.5;12956.0;12956.5;12957.5;12957.5;248.5;2017-10-11 11:15:00+00:00;STOP
2017-10-11 11:26:00+00:00;DAX;SHORT;12960.0;12.96;12956.5;12960.807582054691;12952.192417945309;12959.09;12955.5675;12961.0;12960.0;12961.0;12960.0;12959.5;249.0;2017-10-11 11:27:00+00:00;STOP
2017-10-11 12:53:00+00:00;DAX;SHORT;12960.5;12.9605;12957.2625;12960.606722410279;12953.918277589722;12960.15;12959.2725;12961.0;12960.5;12960.5;12960.5;12961.5;248.0;2017-10-11 12:54:00+00:00;STOP
2017-10-11 14:10:00+00:00;DAX;SHORT;12962.5;12.9625;12959.025000000001;12962.525208849242;12955.524791150761;12959.745;12959.4975;12963.5;12962.5;12963.5;12962.5;12964.0;246.5;2017-10-11 14:11:00+00:00;STOP
2017-10-12 01:22:00+00:00;DAX;SHORT;12974.5;12.9745;12965.95;12974.747577417736;12957.152422582265;12969.84;12967.8325;12976.0;12974.5;12975.5;12974.5;12975.5;245.5;2017-10-12 01:23:00+00:00;STOP
2017-10-12 02:43:00+00:00;DAX;LONG;12954.0;12.954;12958.237500000001;12962.782885166936;12953.692114833066;12968.325;12968.8125;12956.0;12954.0;12955.0;12954.0;12947.0;238.5;2017-10-12 02:46:00+00:00;STOP
2017-10-12 02:52:00+00:00;DAX;LONG;12951.0;12.951;12956.712500000001;12963.745504897963;12949.67949510204;12966.62;12967.9575;12951.0;12948.5;12949.5;12951.0;12938.5;226.0;2017-10-12 03:48:00+00:00;STOP
2017-10-12 03:50:00+00:00;DAX;LONG;12939.5;12.9395;12948.0;12957.47836872485;12938.52163127515;12953.87;12962.465;12943.5;12938.5;12938.5;12939.5;12949.5;10.0;2017-10-12 04:10:00+00:00;OK
2017-10-12 04:56:00+00:00;DAX;LONG;12968.5;12.9685;12971.575;12975.810190917216;12967.339809082785;12954.235;12957.855;12970.0;12968.5;12969.5;12968.5;12972.0;3.5;2017-10-12 05:01:00+00:00;OK
2017-10-12 05:14:00+00:00;DAX;LONG;12965.0;12.965;12968.737500000001;12973.939726244094;12963.535273755908;12957.56;12957.4225;12965.0;12964.0;12964.0;12965.0;12956.0;230.5;2017-10-12 05:55:00+00:00;STOP
2017-10-12 06:54:00+00:00;DAX;SHORT;12952.5;12.9525;12948.237500000003;12953.21217269487;12943.262827305136;12955.445;12956.5025;12953.5;12951.0;12951.5;12952.5;12951.0;232.0;2017-10-12 06:55:00+00:00;STOP
2017-10-12 07:46:00+00:00;DAX;LONG;12958.5;12.9585;12961.737500000001;12965.78296529755;12957.692034702452;12953.18;12958.875;12958.5;12956.5;12957.0;12958.5;12963.0;4.5;2017-10-12 08:03:00+00:00;OK
2017-10-12 08:37:00+00:00;DAX;SHORT;12968.5;12.9685;12963.5;12970.34316793367;12956.65683206633;12960.205;12957.6125;12971.0;12968.5;12971.0;12968.5;12972.0;233.0;2017-10-12 08:38:00+00:00;STOP
2017-10-12 08:41:00+00:00;DAX;SHORT;12969.0;12.969;12962.7625;12969.263309666172;12956.26169033383;12960.965;12957.735;12972.0;12969.0;12971.5;12969.0;12967.0;235.0;2017-10-12 08:42:00+00:00;STOP
2017-10-12 08:57:00+00:00;DAX;SHORT;12978.5;12.9785;12972.525;12980.658103246673;12964.391896753326;12963.69;12958.1975;12980.0;12978.5;12979.0;12978.5;12978.0;235.5;2017-10-12 08:58:00+00:00;STOP
2017-10-12 09:14:00+00:00;DAX;SHORT;12983.5;12.983500000000001;12979.237500000001;12984.755651864529;12973.719348135473;12967.23;12959.9525;12986.0;12983.0;12986.0;12983.5;12991.0;228.0;2017-10-12 09:15:00+00:00;STOP
2017-10-12 09:21:00+00:00;DAX;SHORT;12989.5;12.9895;12982.312500000002;12991.002482133106;12973.622517866897;12969.41;12961.2025;12991.5;12989.5;12990.0;12989.5;12987.0;230.5;2017-10-12 09:22:00+00:00;STOP
2017-10-12 10:16:00+00:00;DAX;SHORT;12981.0;12.981;12975.812500000002;12981.59336680807;12970.031633191933;12978.595;12969.3175;12982.0;12981.0;12982.0;12981.0;12981.0;230.5;2017-10-12 10:17:00+00:00;STOP
2017-10-12 10:25:00+00:00;DAX;SHORT;12979.0;12.979000000000001;12974.762500000003;12980.281843973224;12969.243156026781;12979.635;12970.5475;12981.0;12979.0;12981.0;12979.0;12980.0;229.5;2017-10-12 10:26:00+00:00;STOP
2017-10-12 10:27:00+00:00;DAX;SHORT;12978.5;12.9785;12974.2625;12978.856546490611;12969.66845350939;12979.865;12970.815;12980.0;12978.0;12979.5;12978.5;12981.5;226.5;2017-10-12 10:28:00+00:00;STOP
2017-10-12 11:55:00+00:00;DAX;LONG;12972.0;12.972;12975.5;12979.085056705124;12971.914943294876;12977.285;12977.8925;12972.0;12971.5;12971.5;12972.0;12975.5;3.5;2017-10-12 11:58:00+00:00;OK
2017-10-12 12:56:00+00:00;DAX;LONG;12977.0;12.977;12980.262500000003;12983.8328457005;12976.692154299506;12976.71;12977.105;12977.0;12976.5;12977.0;12977.0;12969.5;222.5;2017-10-12 14:34:00+00:00;STOP
