2017-09-18 11:09:00+00:00,DAX,SHORT,12554.5,12.5545,12551.2375,12555.201482580023,12547.273517419975,12550.935,12550.144736842105,12555.0,12554.0,12555.0,12554.5,12550.5,4.0,2017-09-18 11:45:00+00:00,OK
2017-09-18 13:23:00+00:00,DAX,LONG,12541.5,12.541500000000001,12549.762500000003,12558.237782258237,12541.287217741768,12549.6,12550.83,12542.0,12541.0,12541.5,12541.5,12551.0,9.5,2017-09-18 14:35:00+00:00,OK
2017-09-19 01:31:00+00:00,DAX,LONG,12544.0,12.544,12547.525,12552.008889289209,12543.04111071079,12547.47,12547.4025,12544.5,12543.0,12543.0,12544.0,12548.0,4.0,2017-09-19 01:46:00+00:00,OK
2017-09-19 02:00:00+00:00,DAX,LONG,12538.5,12.5385,12543.7625,12549.780018285455,12537.744981714546,12546.635,12547.515,12544.5,12536.5,12542.0,12538.5,12544.5,6.0,2017-09-19 02:01:00+00:00,OK
2017-09-19 02:15:00+00:00,DAX,LONG,12533.0,12.533,12542.237500000001,12551.94845420538,12532.526545794623,12545.02,12546.39,12533.5,12530.0,12533.0,12533.0,12518.0,-12.532999999999447,2017-09-19 02:40:00+00:00,STOP
2017-09-19 02:42:00+00:00,DAX,LONG,12520.5,12.5205,12533.425000000001,12546.523412921139,12520.326587078864,12540.185,12544.025,12521.0,12518.0,12518.5,12520.5,12536.0,15.5,2017-09-19 03:41:00+00:00,OK
2017-09-19 03:57:00+00:00,DAX,LONG,12523.5,12.5235,12529.5,12537.123371266945,12521.876628733055,12529.325,12537.055,12529.5,12522.0,12528.5,12523.5,12531.0,7.5,2017-09-19 04:22:00+00:00,OK
2017-09-19 05:11:00+00:00,DAX,SHORT,12540.0,12.540000000000001,12535.8375,12540.243237885506,12531.431762114493,12532.34,12531.82,12542.0,12540.0,12540.0,12540.0,12534.5,5.5,2017-09-19 05:24:00+00:00,OK
2017-09-19 06:35:00+00:00,DAX,SHORT,12530.0,12.530000000000001,12524.575000000003,12531.283203932502,12517.866796067503,12532.63,12531.3875,12530.5,12530.0,12530.5,12530.0,12543.5,-12.530000000000655,2017-09-19 09:08:00+00:00,STOP
2017-09-19 09:12:00+00:00,DAX,SHORT,12540.5,12.5405,12535.075000000003,12541.92585472962,12528.224145270386,12532.735,12531.7275,12542.5,12540.5,12542.5,12540.5,12534.0,6.5,2017-09-19 09:46:00+00:00,OK
2017-09-19 09:54:00+00:00,DAX,SHORT,12542.5,12.5425,12539.312500000002,12543.310854924875,12535.314145075128,12536.735,12534.285,12542.5,12540.0,12540.5,12542.5,12537.5,5.0,2017-09-19 10:01:00+00:00,OK
2017-09-19 10:04:00+00:00,DAX,SHORT,12540.0,12.540000000000001,12535.425000000001,12542.10154969198,12528.748450308021,12537.54,12534.88,12541.0,12537.0,12537.5,12540.0,12534.0,6.0,2017-09-20 01:42:00+00:00,OK
2017-09-20 01:52:00+00:00,DAX,LONG,12533.5,12.5335,12536.7625,12540.367686322656,12533.157313677346,12541.725,12542.7875,12535.0,12533.5,12534.5,12533.5,12539.0,5.5,2017-09-20 02:01:00+00:00,OK
2017-09-20 03:32:00+00:00,DAX,SHORT,12557.0,12.557,12553.475000000002,12557.998622209552,12548.951377790452,12551.475,12546.6,12558.0,12553.5,12554.5,12557.0,12580.5,-12.557000000000698,2017-09-20 03:43:00+00:00,STOP
2017-09-20 03:47:00+00:00,DAX,SHORT,12575.5,12.5755,12555.237500000001,12575.78340495759,12534.691595042412,12555.41,12548.02,12578.5,12574.5,12576.5,12575.5,12553.0,22.5,2017-09-20 04:25:00+00:00,OK
2017-09-20 05:00:00+00:00,DAX,SHORT,12543.5,12.5435,12538.137499999999,12555.971456375408,12520.30354362459,12556.25,12552.665,12544.5,12542.5,12542.5,12543.5,12535.5,8.0,2017-09-20 05:42:00+00:00,OK
2017-09-20 05:47:00+00:00,DAX,LONG,12536.0,12.536,12541.975,12548.123170459576,12535.826829540425,12545.06,12552.415,12536.0,12534.5,12536.0,12536.0,12542.0,6.0,2017-09-20 06:07:00+00:00,OK
2017-09-20 06:46:00+00:00,DAX,LONG,12533.0,12.533,12538.0,12543.414162714098,12532.585837285902,12539.15,12547.3275,12533.5,12530.5,12531.5,12533.0,12538.0,5.0,2017-09-20 07:20:00+00:00,OK
2017-09-20 08:08:00+00:00,DAX,LONG,12537.0,12.537,12540.475,12543.961439897359,12536.988560102642,12536.565,12538.0125,12537.0,12534.5,12535.0,12537.0,12541.5,4.5,2017-09-20 08:37:00+00:00,OK
2017-09-20 09:14:00+00:00,DAX,SHORT,12538.5,12.5385,12535.5,12539.645701642094,12531.354298357906,12539.01,12537.67,12538.5,12536.5,12537.0,12538.5,12554.5,-12.538500000000568,2017-09-20 09:35:00+00:00,STOP
2017-09-20 09:42:00+00:00,DAX,SHORT,12552.5,12.5525,12544.525000000001,12552.755239492584,12536.294760507419,12540.87,12538.76,12554.5,12552.5,12554.5,12552.5,12566.0,-12.552499999999782,2017-09-20 13:03:00+00:00,STOP
2017-09-20 13:05:00+00:00,DAX,SHORT,12566.0,12.566,12562.5,12569.25900958176,12555.74099041824,12561.055,12558.08,12570.0,12563.5,12570.0,12566.0,12559.0,7.0,2017-09-20 13:22:00+00:00,OK
2017-09-20 13:34:00+00:00,DAX,SHORT,12577.5,12.5775,12569.475000000002,12579.570726036822,12559.379273963183,12563.39,12559.925,12579.0,12567.5,12569.5,12577.5,12596.0,-12.577499999999418,2017-09-20 13:49:00+00:00,STOP
2017-09-20 13:53:00+00:00,DAX,SHORT,12586.0,12.586,12575.4,12588.778203010474,12562.021796989526,12567.16,12562.4875,12589.5,12585.0,12588.5,12586.0,12600.5,-12.58599999999933,2017-09-20 14:10:00+00:00,STOP
2017-09-20 14:24:00+00:00,DAX,SHORT,12601.0,12.601,12597.2625,12603.436298625942,12591.08870137406,12578.335,12568.91,12603.0,12600.0,12603.0,12601.0,12596.5,4.5,2017-09-20 14:32:00+00:00,OK
2017-09-20 14:47:00+00:00,DAX,SHORT,12603.0,12.603,12599.5,12604.853552681705,12594.146447318295,12586.295,12573.785,12604.0,12599.0,12599.0,12603.0,12616.0,-12.602999999999156,2017-09-20 14:50:00+00:00,STOP
2017-09-21 01:45:00+00:00,DAX,SHORT,12599.0,12.599,12595.475000000002,12600.432450533237,12590.517549466767,12613.435,12616.5575,12600.0,12599.0,12599.0,12599.0,12595.0,4.0,2017-09-21 01:54:00+00:00,OK
2017-09-21 02:01:00+00:00,DAX,LONG,12591.5,12.5915,12597.237500000001,12604.606531929567,12589.868468070435,12608.32,12616.37,12593.5,12585.5,12587.0,12591.5,12598.0,6.5,2017-09-21 02:04:00+00:00,OK
2017-09-21 02:09:00+00:00,DAX,LONG,12591.5,12.5915,12598.7375,12607.182990855448,12590.29200914455,12605.98,12616.2725,12600.0,12591.0,12600.0,12591.5,12578.0,-12.591500000000451,2017-09-21 02:19:00+00:00,STOP
2017-09-21 02:27:00+00:00,DAX,LONG,12583.5,12.5835,12595.775000000001,12609.802322961767,12581.747677038236,12598.135,12612.5675,12584.0,12582.0,12584.0,12583.5,12596.0,12.5,2017-09-21 03:43:00+00:00,OK
2017-09-21 04:08:00+00:00,DAX,LONG,12591.0,12.591000000000001,12597.287500000002,12604.285808066204,12590.2891919338,12584.03,12590.8575,12592.0,12591.0,12592.0,12591.0,12599.0,8.0,2017-09-21 04:49:00+00:00,OK
2017-09-21 04:52:00+00:00,DAX,SHORT,12597.0,12.597,12593.025000000001,12597.192543767334,12588.857456232668,12590.265,12587.905,12598.0,12596.5,12597.5,12597.0,12593.0,4.0,2017-09-21 05:06:00+00:00,OK
2017-09-21 05:32:00+00:00,DAX,SHORT,12597.5,12.5975,12593.975,12597.700799101853,12590.249200898148,12593.905,12587.77,12597.5,12597.0,12597.0,12597.5,12593.5,4.0,2017-09-21 06:54:00+00:00,OK
2017-09-21 07:53:00+00:00,DAX,SHORT,12595.5,12.5955,12591.712500000001,12596.663842189113,12586.76115781089,12594.205,12596.0075,12597.5,12594.5,12595.5,12595.5,12608.5,-12.595499999999447,2017-09-21 08:32:00+00:00,STOP
2017-09-21 08:39:00+00:00,DAX,LONG,12597.5,12.5975,12603.5,12609.702503738941,12597.297496261059,12596.455,12597.575,12599.5,12596.5,12598.0,12597.5,12584.5,-12.597499999999854,2017-09-21 08:54:00+00:00,STOP
2017-09-21 08:57:00+00:00,DAX,LONG,12585.5,12.5855,12597.737500000001,12610.458804137053,12585.016195862949,12596.185,12597.2125,12586.0,12579.5,12580.0,12585.5,12599.5,14.0,2017-09-21 09:08:00+00:00,OK
2017-09-21 09:22:00+00:00,DAX,SHORT,12601.5,12.6015,12594.0,12601.59223980543,12586.40776019457,12598.23,12596.725,12604.0,12601.0,12604.0,12601.5,12593.0,8.5,2017-09-21 09:24:00+00:00,OK
2017-09-21 09:26:00+00:00,DAX,SHORT,12600.0,12.6,12596.412499999999,12602.854753610261,12589.970246389736,12598.54,12596.5975,12601.5,12596.0,12596.0,12600.0,12595.5,4.5,2017-09-21 10:06:00+00:00,OK
2017-09-21 11:43:00+00:00,DAX,LONG,12589.0,12.589,12592.0,12596.331949846626,12587.668050153374,12591.275,12595.2875,12589.5,12588.5,12588.5,12589.0,12592.0,3.0,2017-09-21 11:51:00+00:00,OK
2017-09-21 11:52:00+00:00,DAX,LONG,12592.5,12.592500000000001,12595.5,12600.497631017739,12590.502368982261,12590.84,12594.68,12593.0,12592.5,12592.5,12592.5,12596.0,3.5,2017-09-21 12:09:00+00:00,OK
2017-09-21 14:01:00+00:00,DAX,SHORT,12596.0,12.596,12593.0,12596.833371471968,12589.166628528032,12595.145,12593.265,12596.0,12594.5,12594.5,12596.0,12593.0,3.0,2017-09-21 14:07:00+00:00,OK
2017-09-21 14:08:00+00:00,DAX,SHORT,12593.0,12.593,12589.737500000001,12594.139652583503,12585.3353474165,12594.885,12593.61,12593.0,12592.5,12593.0,12593.0,12588.5,4.5,2017-09-21 14:50:00+00:00,OK
2017-09-22 01:18:00+00:00,DAX,LONG,12555.0,12.555,12558.5,12564.666311037636,12552.333688962364,12578.575,12584.0175,12556.0,12555.0,12556.0,12555.0,12560.0,5.0,2017-09-22 02:01:00+00:00,OK
2017-09-22 02:24:00+00:00,DAX,LONG,12570.5,12.570500000000001,12574.712500000001,12579.142956790043,12570.28204320996,12561.42,12572.96,12572.5,12568.5,12569.0,12570.5,12575.0,4.5,2017-09-22 02:27:00+00:00,OK
2017-09-22 03:03:00+00:00,DAX,LONG,12581.5,12.5815,12584.55,12587.649660422827,12581.450339577172,12567.515,12572.24,12581.5,12580.0,12581.5,12581.5,12596.5,15.0,2017-09-22 03:44:00+00:00,OK
2017-09-22 03:53:00+00:00,DAX,SHORT,12596.0,12.596,12581.025000000001,12596.488369279485,12565.561630720518,12580.665,12571.875,12598.0,12596.0,12597.5,12596.0,12613.5,-12.595999999999549,2017-09-22 04:19:00+00:00,STOP
2017-09-22 04:22:00+00:00,DAX,SHORT,12609.0,12.609,12598.475,12610.299483965597,12586.650516034404,12587.68,12574.4975,12611.0,12608.5,12610.0,12609.0,12624.0,-12.609000000000378,2017-09-22 05:09:00+00:00,STOP
2017-09-22 05:10:00+00:00,DAX,SHORT,12622.0,12.622,12618.7625,12623.247562928622,12614.27743707138,12602.105,12588.4925,12626.0,12621.5,12624.5,12622.0,12618.5,3.5,2017-09-22 06:24:00+00:00,OK
2017-09-22 07:24:00+00:00,DAX,SHORT,12592.5,12.592500000000001,12588.650000000001,12593.82356641725,12583.476433582753,12614.225,12614.0,12594.0,12592.5,12593.0,12592.5,12584.5,8.0,2017-09-22 07:30:00+00:00,OK
2017-09-22 07:33:00+00:00,DAX,LONG,12583.5,12.5835,12589.212500000001,12595.927761487248,12582.497238512755,12610.42,12613.5975,12583.5,12582.0,12582.5,12583.5,12591.5,8.0,2017-09-22 08:31:00+00:00,OK
2017-09-22 08:36:00+00:00,DAX,LONG,12582.0,12.582,12586.737500000001,12592.881388705133,12580.59361129487,12586.245,12604.7675,12583.0,12576.0,12579.5,12582.0,12588.5,6.5,2017-09-22 08:41:00+00:00,OK
2017-09-22 08:44:00+00:00,DAX,LONG,12583.0,12.583,12586.262500000003,12592.734097866633,12579.790902133373,12584.62,12603.2375,12587.0,12582.0,12586.5,12583.0,12586.5,3.5,2017-09-22 09:13:00+00:00,OK
2017-09-22 09:50:00+00:00,DAX,LONG,12579.5,12.5795,12584.900000000001,12591.225387443928,12578.574612556074,12583.985,12589.2225,12579.5,12577.5,12579.5,12579.5,12587.5,8.0,2017-09-22 10:00:00+00:00,OK
2017-09-22 11:14:00+00:00,DAX,SHORT,12593.5,12.5935,12589.025,12594.095814322643,12583.954185677356,12587.01,12585.365,12594.5,12593.5,12594.5,12593.5,12606.5,-12.593500000000859,2017-09-22 14:47:00+00:00,STOP
2017-09-22 14:49:00+00:00,DAX,SHORT,12602.0,12.602,12595.975000000002,12603.655974444762,12588.294025555242,12596.505,12594.6425,12606.5,12602.0,12606.5,12602.0,12548.5,53.5,2017-09-25 01:18:00+00:00,OK
2017-09-25 01:23:00+00:00,DAX,LONG,12549.0,12.549,12556.325000000003,12564.058045971675,12548.59195402833,12592.015,12596.545,12552.5,12548.0,12550.0,12549.0,12556.5,7.5,2017-09-25 01:53:00+00:00,OK
2017-09-25 02:23:00+00:00,DAX,LONG,12562.5,12.5625,12566.075,12574.926256229604,12557.223743770397,12562.945,12583.9725,12564.0,12560.5,12562.0,12562.5,12566.5,4.0,2017-09-25 02:29:00+00:00,OK
2017-09-25 03:12:00+00:00,DAX,LONG,12594.0,12.594,12597.9625,12605.360223689722,12590.564776310277,12571.22,12579.1725,12596.5,12592.0,12595.5,12594.0,12599.0,5.0,2017-09-25 03:30:00+00:00,OK
2017-09-25 03:35:00+00:00,DAX,SHORT,12598.5,12.5985,12592.5,12600.132858331961,12584.867141668039,12581.19,12577.9775,12601.5,12598.5,12601.5,12598.5,12615.5,-12.598500000000058,2017-09-25 03:37:00+00:00,STOP
2017-09-25 03:44:00+00:00,DAX,SHORT,12614.5,12.6145,12594.475,12614.645588280438,12574.304411719562,12586.14,12578.4325,12617.0,12614.5,12615.0,12614.5,12591.5,23.0,2017-09-25 04:30:00+00:00,OK
2017-09-25 04:54:00+00:00,DAX,SHORT,12592.0,12.592,12588.2125,12595.327347337194,12581.097652662806,12601.8,12586.91,12593.0,12589.5,12590.0,12592.0,12605.0,-12.592000000000553,2017-09-25 05:48:00+00:00,STOP
2017-09-25 06:02:00+00:00,DAX,SHORT,12608.0,12.608,12599.5,12609.331608531456,12589.668391468544,12596.265,12599.9475,12612.0,12606.5,12611.0,12608.0,12598.0,10.0,2017-09-25 06:26:00+00:00,OK
2017-09-25 06:28:00+00:00,DAX,LONG,12602.5,12.602500000000001,12607.237500000001,12613.899252574844,12600.575747425159,12601.03,12601.555,12603.5,12597.0,12598.5,12602.5,12607.5,5.0,2017-09-25 06:31:00+00:00,OK
2017-09-25 06:33:00+00:00,DAX,LONG,12605.5,12.605500000000001,12608.525000000001,12614.80278036537,12602.247219634633,12601.97,12601.885,12608.0,12605.5,12607.0,12605.5,12609.5,4.0,2017-09-25 07:13:00+00:00,OK
2017-09-25 07:15:00+00:00,DAX,SHORT,12609.5,12.6095,12605.0,12610.072111571078,12599.927888428922,12605.66,12602.1325,12612.0,12609.5,12611.0,12609.5,12603.5,6.0,2017-09-25 07:34:00+00:00,OK
2017-09-25 08:21:00+00:00,DAX,SHORT,12598.0,12.598,12594.7875,12598.793745124802,12590.781254875199,12602.94,12602.975,12600.0,12598.0,12600.0,12598.0,12594.0,4.0,2017-09-25 08:38:00+00:00,OK
2017-09-25 08:47:00+00:00,DAX,SHORT,12603.0,12.603,12598.025000000001,12604.234288458263,12591.81571154174,12601.785,12603.2825,12605.0,12602.5,12604.0,12603.0,12598.0,5.0,2017-09-25 08:50:00+00:00,OK
2017-09-25 08:54:00+00:00,DAX,SHORT,12602.5,12.602500000000001,12598.400000000001,12604.390123450095,12592.409876549907,12601.25,12603.39,12603.0,12599.5,12599.5,12602.5,12596.0,6.5,2017-09-25 09:39:00+00:00,OK
2017-09-25 09:46:00+00:00,DAX,LONG,12598.5,12.5985,12606.7125,12615.909753594644,12597.515246405355,12602.075,12603.0175,12599.5,12596.5,12598.0,12598.5,12583.5,-12.598500000000058,2017-09-25 09:56:00+00:00,STOP
2017-09-25 09:57:00+00:00,DAX,LONG,12588.0,12.588000000000001,12597.1875,12606.522634537976,12587.852365462024,12601.17,12602.185,12589.5,12582.5,12582.5,12588.0,12574.5,-12.587999999999738,2017-09-25 10:01:00+00:00,STOP
2017-09-25 10:11:00+00:00,DAX,LONG,12572.5,12.5725,12589.075,12606.219202641434,12571.930797358567,12597.86,12600.09,12574.0,12568.0,12568.0,12572.5,12558.5,-12.572500000000218,2017-09-25 11:15:00+00:00,STOP
2017-09-25 11:21:00+00:00,DAX,LONG,12561.0,12.561,12569.6625,12581.772847902344,12557.552152097656,12576.35,12589.1725,12561.0,12556.0,12558.5,12561.0,12571.0,10.0,2017-09-25 11:41:00+00:00,OK
2017-09-25 12:33:00+00:00,DAX,LONG,12569.0,12.569,12572.975,12577.29955250702,12568.65044749298,12568.815,12577.965,12569.0,12568.0,12568.0,12569.0,12573.5,4.5,2017-09-25 12:40:00+00:00,OK
2017-09-25 12:46:00+00:00,DAX,LONG,12568.0,12.568,12571.237500000001,12575.107424519869,12567.367575480133,12568.765,12575.5025,12570.0,12568.0,12569.5,12568.0,12553.0,-12.567999999999302,2017-09-25 13:35:00+00:00,STOP
2017-09-25 13:50:00+00:00,DAX,LONG,12554.0,12.554,12558.212500000001,12564.836817243866,12551.588182756137,12564.7,12567.36,12554.0,12550.0,12550.0,12554.0,12559.0,5.0,2017-09-25 14:23:00+00:00,OK
2017-09-25 14:45:00+00:00,DAX,LONG,12557.5,12.557500000000001,12562.5,12568.419637257735,12556.580362742265,12557.6,12563.57,12558.0,12554.0,12555.5,12557.5,12562.5,5.0,2017-09-25 14:46:00+00:00,OK
2017-09-25 14:51:00+00:00,DAX,LONG,12561.5,12.5615,12565.287500000002,12571.982942283259,12558.592057716745,12557.565,12563.5575,12564.0,12561.5,12564.0,12561.5,12565.5,4.0,2017-09-25 15:03:00+00:00,OK
2017-09-26 01:19:00+00:00,DAX,LONG,12548.0,12.548,12554.675,12564.849658923547,12544.500341076451,12562.855,12562.1225,12550.5,12548.0,12549.0,12548.0,12555.0,7.0,2017-09-26 01:22:00+00:00,OK
2017-09-26 01:25:00+00:00,DAX,LONG,12553.0,12.553,12556.5,12564.466376710572,12548.533623289428,12562.085,12562.0875,12555.0,12552.0,12554.0,12553.0,12557.0,4.0,2017-09-26 01:40:00+00:00,OK
2017-09-26 01:58:00+00:00,DAX,LONG,12550.5,12.5505,12553.9125,12561.783833733038,12546.041166266963,12558.205,12561.295,12553.0,12550.0,12552.5,12550.5,12554.0,3.5,2017-09-26 02:05:00+00:00,OK
2017-09-26 02:06:00+00:00,DAX,LONG,12550.0,12.55,12553.0,12558.90517168519,12547.09482831481,12556.81,12560.8925,12554.5,12548.0,12553.5,12550.0,12553.5,3.5,2017-09-26 02:07:00+00:00,OK
2017-09-26 03:09:00+00:00,DAX,LONG,12570.5,12.570500000000001,12573.7625,12578.253426524965,12569.271573475036,12561.67,12561.6275,12572.0,12570.0,12570.5,12570.5,12574.0,3.5,2017-09-26 03:37:00+00:00,OK
2017-09-26 03:42:00+00:00,DAX,SHORT,12576.5,12.576500000000001,12573.2625,12577.250640313216,12569.274359686786,12567.83,12562.6475,12576.5,12575.0,12575.5,12576.5,12591.5,-12.576499999999214,2017-09-26 03:51:00+00:00,STOP
2017-09-26 04:05:00+00:00,DAX,SHORT,12592.0,12.592,12577.7125,12595.016211193053,12560.408788806946,12575.31,12565.44,12599.0,12592.0,12598.5,12592.0,12606.0,-12.592000000000553,2017-09-26 04:15:00+00:00,STOP
2017-09-26 04:17:00+00:00,DAX,SHORT,12604.0,12.604000000000001,12596.550000000001,12605.375054047845,12587.724945952157,12579.11,12567.2975,12606.5,12603.5,12604.5,12604.0,12617.0,-12.60399999999936,2017-09-26 04:25:00+00:00,STOP
2017-09-26 04:33:00+00:00,DAX,SHORT,12614.0,12.614,12601.962500000001,12614.136242234828,12589.788757765175,12586.21,12572.0375,12618.0,12614.0,12618.0,12614.0,12601.5,12.5,2017-09-26 06:01:00+00:00,OK
2017-09-26 06:34:00+00:00,DAX,SHORT,12591.5,12.5915,12586.050000000001,12592.11347998048,12579.986520019522,12604.315,12599.42,12592.5,12591.0,12592.0,12591.5,12605.0,-12.591500000000451,2017-09-26 08:12:00+00:00,STOP
2017-09-26 08:15:00+00:00,DAX,SHORT,12603.5,12.6035,12600.05,12603.973948065539,12596.12605193446,12598.865,12601.475,12604.0,12602.5,12604.0,12603.5,12599.5,4.0,2017-09-26 09:28:00+00:00,OK
2017-09-26 09:55:00+00:00,DAX,SHORT,12600.0,12.6,12595.8125,12600.359332327074,12591.265667672926,12605.105,12601.985,12601.5,12598.0,12601.0,12600.0,12595.5,4.5,2017-09-26 09:59:00+00:00,OK
2017-09-26 10:29:00+00:00,DAX,LONG,12584.5,12.5845,12589.45,12596.633863496536,12582.266136503466,12599.22,12600.79,12587.0,12580.5,12581.0,12584.5,12594.0,9.5,2017-09-26 10:34:00+00:00,OK
2017-09-26 10:57:00+00:00,DAX,LONG,12590.5,12.5905,12594.212500000001,12598.057866316136,12590.367133683867,12594.145,12599.79,12590.5,12589.5,12590.5,12590.5,12595.0,4.5,2017-09-26 11:01:00+00:00,OK
2017-09-26 11:20:00+00:00,DAX,LONG,12591.0,12.591000000000001,12595.0,12599.145701642094,12590.854298357906,12591.97,12598.82,12591.0,12590.0,12590.0,12591.0,12595.0,4.0,2017-09-26 11:44:00+00:00,OK
2017-09-27 01:18:00+00:00,DAX,LONG,12621.0,12.621,12624.5,12629.058264777059,12619.941735222941,12596.01,12595.05,12622.0,12619.5,12620.5,12621.0,12625.5,4.5,2017-09-27 02:04:00+00:00,OK
2017-09-27 02:17:00+00:00,DAX,SHORT,12623.5,12.6235,12618.2625,12624.636790466191,12611.88820953381,12613.31,12601.92,12625.5,12622.5,12625.5,12623.5,12649.5,-12.623499999999694,2017-09-27 02:21:00+00:00,STOP
2017-09-27 02:28:00+00:00,DAX,SHORT,12652.0,12.652000000000001,12625.525,12655.63860070414,12595.41139929586,12619.42,12604.96,12656.5,12650.5,12654.5,12652.0,12665.5,-12.652000000000044,2017-09-27 02:42:00+00:00,STOP
2017-09-27 02:43:00+00:00,DAX,SHORT,12665.5,12.6655,12654.737500000001,12666.646253967258,12642.828746032745,12627.31,12609.5525,12673.0,12664.5,12666.0,12665.5,12654.5,11.0,2017-09-27 02:58:00+00:00,OK
2017-09-27 03:13:00+00:00,DAX,SHORT,12662.5,12.6625,12656.475,12663.094548402469,12649.855451597532,12638.595,12619.4375,12663.5,12658.0,12658.5,12662.5,12656.0,6.5,2017-09-27 03:16:00+00:00,OK
2017-09-27 03:21:00+00:00,DAX,SHORT,12659.0,12.659,12655.474999999999,12662.318167933669,12648.631832066329,12641.625,12622.1025,12659.5,12658.0,12658.5,12659.0,12653.5,5.5,2017-09-27 03:24:00+00:00,OK
2017-09-27 03:25:00+00:00,DAX,SHORT,12652.5,12.6525,12649.287500000002,12655.892123579857,12642.682876420147,12643.015,12623.3925,12654.5,12651.5,12653.5,12652.5,12649.0,3.5,2017-09-27 03:36:00+00:00,OK
2017-09-27 03:44:00+00:00,DAX,SHORT,12658.5,12.6585,12653.8125,12659.078078390783,12648.546921609217,12649.72,12629.3525,12659.0,12652.5,12652.5,12658.5,12653.0,5.5,2017-09-27 04:51:00+00:00,OK
2017-09-27 05:04:00+00:00,DAX,SHORT,12660.0,12.66,12656.7125,12660.998339597165,12652.426660402834,12658.035,12650.37,12660.5,12658.5,12658.5,12660.0,12656.5,3.5,2017-09-27 05:05:00+00:00,OK
2017-09-27 07:45:00+00:00,DAX,SHORT,12658.0,12.658,12654.737500000001,12660.406204483948,12649.068795516054,12656.72,12656.1725,12659.5,12657.5,12657.5,12658.0,12674.0,-12.657999999999447,2017-09-27 08:31:00+00:00,STOP
2017-09-27 08:33:00+00:00,DAX,SHORT,12671.5,12.6715,12664.5,12672.036577472567,12656.963422527433,12659.115,12657.375,12672.0,12670.5,12671.0,12671.5,12664.0,7.5,2017-09-27 08:52:00+00:00,OK
2017-09-27 09:28:00+00:00,DAX,SHORT,12664.0,12.664,12659.6625,12666.924513639844,12652.400486360157,12664.63,12660.72,12664.5,12663.5,12663.5,12664.0,12658.5,5.5,2017-09-27 09:34:00+00:00,OK
2017-09-27 10:16:00+00:00,DAX,SHORT,12653.5,12.653500000000001,12649.737500000001,12654.64184823182,12644.833151768182,12659.885,12659.7475,12655.0,12652.0,12654.5,12653.5,12647.5,6.0,2017-09-27 10:26:00+00:00,OK
2017-09-27 10:29:00+00:00,DAX,SHORT,12652.0,12.652000000000001,12647.525,12653.313145780727,12641.736854219273,12657.585,12659.4075,12654.0,12646.5,12646.5,12652.0,12644.5,7.5,2017-09-27 10:34:00+00:00,OK
2017-09-27 10:37:00+00:00,DAX,LONG,12646.0,12.646,12653.0,12660.8001349516,12645.1998650484,12656.05,12658.99,12647.0,12643.0,12643.0,12646.0,12653.0,7.0,2017-09-27 11:52:00+00:00,OK
2017-09-27 12:54:00+00:00,DAX,SHORT,12658.5,12.6585,12654.762500000003,12658.71584635068,12650.809153649325,12650.73,12650.215,12660.5,12658.5,12660.0,12658.5,12674.5,-12.658499999999549,2017-09-27 13:17:00+00:00,STOP
2017-09-27 13:22:00+00:00,DAX,SHORT,12671.0,12.671000000000001,12666.2875,12672.975273604832,12659.599726395169,12657.72,12651.99,12672.5,12670.0,12672.0,12671.0,12684.0,-12.671000000000276,2017-09-27 14:21:00+00:00,STOP
2017-09-27 14:25:00+00:00,DAX,SHORT,12683.0,12.683,12678.525,12683.429348231819,12673.62065176818,12670.665,12660.0975,12683.0,12681.5,12683.0,12683.0,12677.0,6.0,2017-09-27 14:55:00+00:00,OK
2017-09-28 01:25:00+00:00,DAX,SHORT,12683.5,12.6835,12680.5,12684.741089730867,12676.258910269133,12669.315,12671.9775,12683.5,12680.5,12682.5,12683.5,12680.5,3.0,2017-09-28 01:44:00+00:00,OK
2017-09-28 02:20:00+00:00,DAX,SHORT,12671.5,12.6715,12668.187500000002,12672.96794261329,12663.407057386714,12675.465,12670.0275,12673.0,12669.5,12671.0,12671.5,12667.0,4.5,2017-09-28 02:26:00+00:00,OK
2017-09-28 02:47:00+00:00,DAX,SHORT,12664.0,12.664,12660.6625,12664.900175629027,12656.424824370974,12673.825,12669.9175,12665.0,12663.0,12663.0,12664.0,12681.0,-12.66400000000067,2017-09-28 03:25:00+00:00,STOP
2017-09-28 03:29:00+00:00,DAX,SHORT,12682.5,12.682500000000001,12673.0,12684.579814560828,12661.420185439172,12669.16,12671.4325,12686.5,12682.5,12685.0,12682.5,12696.0,-12.6825000000008,2017-09-28 04:04:00+00:00,STOP
2017-09-28 04:13:00+00:00,DAX,SHORT,12693.5,12.6935,12690.0,12695.275564325015,12684.724435674985,12677.735,12676.7225,12693.5,12691.5,12692.0,12693.5,12690.0,3.5,2017-09-28 04:14:00+00:00,OK
2017-09-28 04:37:00+00:00,DAX,SHORT,12687.5,12.6875,12683.7875,12687.833290534943,12679.741709465057,12682.54,12677.4925,12688.5,12686.5,12687.0,12687.5,12681.0,6.5,2017-09-28 05:18:00+00:00,OK
2017-09-28 05:48:00+00:00,DAX,SHORT,12688.5,12.6885,12684.737500000001,12688.946200261928,12680.528799738075,12686.975,12681.5225,12689.0,12687.5,12687.5,12688.5,12684.5,4.0,2017-09-28 06:10:00+00:00,OK
2017-09-28 06:50:00+00:00,DAX,LONG,12682.5,12.682500000000001,12686.7125,12693.408924812029,12680.01607518797,12686.865,12687.255,12682.5,12679.5,12680.0,12682.5,12688.5,6.0,2017-09-28 08:22:00+00:00,OK
2017-09-28 09:09:00+00:00,DAX,LONG,12690.0,12.69,12693.425000000001,12697.089911860792,12689.76008813921,12686.015,12684.7425,12692.0,12690.0,12690.0,12690.0,12694.5,4.5,2017-09-28 09:40:00+00:00,OK
2017-09-28 09:43:00+00:00,DAX,SHORT,12692.0,12.692,12687.575000000003,12692.018801123033,12683.131198876972,12688.16,12684.83,12693.5,12691.5,12692.5,12692.0,12685.0,7.0,2017-09-28 09:56:00+00:00,OK
2017-09-28 10:14:00+00:00,DAX,SHORT,12690.0,12.69,12686.9,12691.846822478275,12681.953177521724,12689.615,12685.615,12692.0,12689.5,12692.0,12690.0,12703.5,-12.69000000000051,2017-09-28 11:08:00+00:00,STOP
2017-09-29 02:00:00+00:00,DAX,SHORT,12718.5,12.7185,12714.5,12718.948536128235,12710.051463871765,12713.855,12711.1425,12719.5,12712.0,12713.0,12718.5,12714.0,4.5,2017-09-29 02:04:00+00:00,OK
2017-09-29 02:12:00+00:00,DAX,SHORT,12718.0,12.718,12713.1875,12718.539331953934,12707.835668046066,12714.805,12711.5775,12719.0,12715.5,12716.5,12718.0,12731.0,-12.718000000000757,2017-09-29 02:15:00+00:00,STOP
2017-09-29 02:18:00+00:00,DAX,SHORT,12726.5,12.7265,12715.65,12728.592280771909,12702.70771922809,12715.93,12712.185,12735.5,12726.0,12735.5,12726.5,12715.0,11.5,2017-09-29 02:21:00+00:00,OK
2017-09-29 02:23:00+00:00,DAX,SHORT,12718.5,12.7185,12713.475,12726.51098259071,12700.439017409291,12716.49,12712.495,12722.5,12716.5,12717.0,12718.5,12731.5,-12.718500000000859,2017-09-29 04:44:00+00:00,STOP
2017-09-29 04:45:00+00:00,DAX,SHORT,12729.5,12.7295,12725.687500000002,12730.560627170624,12720.81437282938,12724.03,12721.6125,12732.5,12728.5,12731.5,12729.5,12743.5,-12.729499999999462,2017-09-29 05:22:00+00:00,STOP
2017-09-29 05:24:00+00:00,DAX,SHORT,12737.5,12.7375,12733.787500000002,12740.58842872915,12726.986571270854,12728.095,12724.985,12741.5,12737.5,12741.0,12737.5,12732.5,5.0,2017-09-29 06:01:00+00:00,OK
2017-09-29 07:18:00+00:00,DAX,SHORT,12741.0,12.741,12738.0,12741.294333252563,12734.705666747437,12738.68,12734.77,12741.0,12740.0,12740.0,12741.0,12737.5,3.5,2017-09-29 07:36:00+00:00,OK
2017-09-29 07:51:00+00:00,DAX,SHORT,12745.5,12.7455,12742.212500000001,12746.676095435358,12737.748904564645,12739.685,12737.75,12746.5,12744.0,12744.0,12745.5,12758.5,-12.745500000000902,2017-09-29 08:34:00+00:00,STOP
2017-09-29 08:42:00+00:00,DAX,SHORT,12757.0,12.757,12751.737500000001,12757.448984275701,12746.026015724301,12746.65,12742.7775,12760.0,12757.0,12759.0,12757.0,12771.0,-12.756999999999607,2017-09-29 08:58:00+00:00,STOP
2017-09-29 09:03:00+00:00,DAX,SHORT,12767.5,12.7675,12757.737500000001,12769.095780077363,12746.37921992264,12751.235,12745.0075,12774.0,12766.0,12773.5,12767.5,12780.5,-12.767499999999927,2017-09-29 09:32:00+00:00,STOP
2017-09-29 09:36:00+00:00,DAX,SHORT,12778.5,12.778500000000001,12769.787500000002,12779.95180803817,12759.623191961835,12760.805,12750.415,12782.5,12778.0,12782.0,12778.5,12793.5,-12.77850000000035,2017-09-29 10:22:00+00:00,STOP
2017-09-29 10:24:00+00:00,DAX,SHORT,12787.5,12.7875,12776.237500000001,12788.748021887386,12763.726978112616,12774.355,12760.715,12793.5,12786.5,12793.0,12787.5,12803.0,-12.787500000000364,2017-09-29 10:31:00+00:00,STOP
2017-09-29 10:40:00+00:00,DAX,SHORT,12812.5,12.8125,12791.837500000001,12814.078938329107,12769.596061670896,12780.92,12765.6875,12813.0,12810.5,12813.0,12812.5,12827.0,-12.8125,2017-09-29 10:58:00+00:00,STOP
2017-09-29 11:04:00+00:00,DAX,SHORT,12823.0,12.823,12811.025000000001,12823.612692401708,12798.437307598295,12792.515,12774.65,12823.5,12822.5,12823.5,12823.0,12838.0,-12.82300000000032,2017-09-29 11:28:00+00:00,STOP
2017-09-29 11:32:00+00:00,DAX,SHORT,12833.5,12.8335,12828.025000000001,12834.448640548377,12821.601359451626,12806.835,12786.3725,12835.5,12833.0,12835.5,12833.5,12828.0,5.5,2017-09-29 11:56:00+00:00,OK
2017-09-29 12:41:00+00:00,DAX,SHORT,12829.5,12.8295,12825.7625,12829.61641120538,12821.908588794622,12829.245,12810.085,12830.0,12829.5,12830.0,12829.5,12825.5,4.0,2017-09-29 12:55:00+00:00,OK
2017-09-29 14:10:00+00:00,DAX,SHORT,12830.0,12.83,12825.025,12830.10437003968,12819.945629960319,12826.06,12827.1425,12830.5,12830.0,12830.5,12830.0,12880.0,-12.829999999999927,2017-10-02 01:18:00+00:00,STOP
2017-10-02 01:19:00+00:00,DAX,SHORT,12878.5,12.8785,12873.175000000001,12879.649850130354,12866.700149869648,12839.335,12834.675,12880.5,12878.5,12880.0,12878.5,12873.0,5.5,2017-10-02 01:44:00+00:00,OK
2017-10-02 02:10:00+00:00,DAX,SHORT,12867.5,12.8675,12863.925000000001,12869.964126810359,12857.885873189643,12860.48,12845.1375,12869.0,12861.5,12862.5,12867.5,12881.0,-12.867500000000291,2017-10-02 02:18:00+00:00,STOP
2017-10-02 02:30:00+00:00,DAX,SHORT,12883.0,12.883000000000001,12871.2875,12885.645332998787,12856.929667001214,12871.12,12850.31,12887.5,12881.5,12887.0,12883.0,12870.0,13.0,2017-10-02 03:06:00+00:00,OK
2017-10-02 03:30:00+00:00,DAX,SHORT,12869.0,12.869,12863.95,12869.402184497014,12858.497815502988,12874.185,12863.985,12869.0,12866.5,12867.0,12869.0,12863.0,6.0,2017-10-02 03:38:00+00:00,OK
2017-10-02 04:10:00+00:00,DAX,SHORT,12861.5,12.8615,12858.212500000001,12864.3278387822,12852.097161217804,12868.595,12869.8575,12861.5,12858.0,12858.5,12861.5,12855.0,6.5,2017-10-02 04:15:00+00:00,OK
2017-10-02 04:16:00+00:00,DAX,SHORT,12854.5,12.8545,12851.425000000001,12858.6497746277,12844.200225372302,12867.19,12870.72,12856.0,12853.5,12855.5,12854.5,12849.5,5.0,2017-10-02 05:33:00+00:00,OK
2017-10-02 05:38:00+00:00,DAX,SHORT,12859.0,12.859,12855.7375,12861.388769070329,12850.08623092967,12857.895,12865.2125,12860.0,12857.5,12857.5,12859.0,12855.0,4.0,2017-10-02 05:39:00+00:00,OK
2017-10-02 05:50:00+00:00,DAX,SHORT,12856.0,12.856,12852.025,12856.34721921556,12847.702780784439,12857.96,12863.2775,12856.5,12854.5,12855.0,12856.0,12852.0,4.0,2017-10-02 06:06:00+00:00,OK
2017-10-02 06:13:00+00:00,DAX,LONG,12850.5,12.8505,12854.1875,12858.972069496116,12849.402930503884,12857.125,12859.9,12852.0,12849.5,12851.0,12850.5,12854.5,4.0,2017-10-02 07:34:00+00:00,OK
2017-10-02 07:45:00+00:00,DAX,LONG,12847.5,12.8475,12851.0,12855.01936103851,12846.98063896149,12849.645,12853.7425,12848.5,12847.0,12848.0,12847.5,12851.0,3.5,2017-10-02 08:41:00+00:00,OK
2017-10-02 09:11:00+00:00,DAX,LONG,12858.0,12.858,12861.5,12865.716508907666,12857.283491092334,12850.295,12850.2825,12862.0,12858.0,12862.0,12858.0,12861.5,3.5,2017-10-02 09:13:00+00:00,OK
2017-10-02 09:21:00+00:00,DAX,SHORT,12863.5,12.8635,12860.312500000002,12864.264847736675,12856.360152263329,12851.3,12850.59,12864.0,12862.0,12862.0,12863.5,12860.0,3.5,2017-10-02 09:25:00+00:00,OK
2017-10-02 10:16:00+00:00,DAX,SHORT,12876.5,12.8765,12872.45,12877.255698371944,12867.644301628057,12863.105,12855.305,12879.0,12876.5,12878.0,12876.5,12891.0,-12.876500000000306,2017-10-02 10:32:00+00:00,STOP
2017-10-02 10:42:00+00:00,DAX,SHORT,12889.0,12.889000000000001,12882.362500000001,12891.338491368793,12873.386508631209,12870.48,12859.8325,12889.5,12888.0,12889.5,12889.0,12903.0,-12.888999999999214,2017-10-02 14:50:00+00:00,STOP
2017-10-02 14:58:00+00:00,DAX,SHORT,12904.0,12.904,12897.525000000001,12904.194648455978,12890.855351544025,12895.665,12893.935,12906.0,12903.0,12905.5,12904.0,12940.0,-36.0,2017-10-04 01:18:00+00:00,OK
2017-10-04 01:21:00+00:00,DAX,SHORT,12945.5,12.945500000000001,12941.5875,12948.635269337285,12934.539730662715,12908.375,12903.9375,12947.5,12945.0,12946.0,12945.5,12941.0,4.5,2017-10-04 01:27:00+00:00,OK
2017-10-04 01:28:00+00:00,DAX,SHORT,12941.5,12.9415,12936.8125,12943.429066131192,12930.195933868808,12911.41,12905.455,12942.5,12939.0,12940.5,12941.5,12957.5,-12.941500000000815,2017-10-04 01:59:00+00:00,STOP
2017-10-04 02:00:00+00:00,DAX,SHORT,12945.0,12.945,12941.0,12952.722560345446,12929.277439654554,12925.635,12912.5675,12958.5,12941.0,12957.5,12945.0,12939.0,6.0,2017-10-04 02:02:00+00:00,OK
2017-10-04 02:04:00+00:00,DAX,SHORT,12950.0,12.950000000000001,12941.712500000001,12953.276850847598,12930.148149152405,12927.405,12913.4525,12951.0,12942.5,12944.5,12950.0,12965.0,-12.950000000000728,2017-10-04 02:13:00+00:00,STOP
2017-10-04 02:14:00+00:00,DAX,SHORT,12957.5,12.9575,12952.2875,12964.483271484629,12940.091728515372,12932.675,12916.0875,12965.0,12957.0,12965.0,12957.5,12949.0,8.5,2017-10-04 02:16:00+00:00,OK
2017-10-04 03:28:00+00:00,DAX,SHORT,12913.5,12.9135,12907.875000000002,12913.897763834864,12901.85223616514,12929.08,12924.315,12914.0,12911.0,12911.0,12913.5,12906.0,7.5,2017-10-04 03:59:00+00:00,OK
2017-10-04 04:07:00+00:00,DAX,LONG,12903.0,12.903,12910.0,12917.433211390708,12902.566788609292,12914.445,12926.285,12903.5,12901.5,12902.5,12903.0,12910.0,7.0,2017-10-04 04:13:00+00:00,OK
2017-10-04 04:32:00+00:00,DAX,LONG,12905.5,12.9055,12908.6875,12912.559124166188,12904.815875833812,12910.84,12924.8925,12909.0,12905.0,12908.5,12905.5,12892.0,-12.905500000000757,2017-10-04 05:06:00+00:00,STOP
2017-10-04 05:14:00+00:00,DAX,LONG,12892.5,12.8925,12902.45,12912.510213453841,12892.38978654616,12905.975,12916.4475,12893.5,12892.0,12893.0,12892.5,12903.0,10.5,2017-10-04 06:53:00+00:00,OK
2017-10-04 07:37:00+00:00,DAX,SHORT,12914.0,12.914,12909.7875,12914.438193213751,12905.13680678625,12901.15,12900.485,12916.5,12914.0,12915.0,12914.0,12928.0,-12.91400000000067,2017-10-04 08:00:00+00:00,STOP
2017-10-04 08:10:00+00:00,DAX,SHORT,12931.5,12.9315,12921.025000000001,12931.57513095454,12910.474869045463,12910.955,12903.1725,12933.0,12931.5,12932.5,12931.5,12947.0,-12.931500000000597,2017-10-04 09:05:00+00:00,STOP
2017-10-04 09:26:00+00:00,DAX,SHORT,12949.5,12.9495,12946.337500000001,12950.349324627537,12942.325675372465,12933.145,12918.35,12952.0,12949.5,12951.0,12949.5,12943.5,6.0,2017-10-04 09:35:00+00:00,OK
2017-10-04 09:55:00+00:00,DAX,SHORT,12945.0,12.945,12941.712500000001,12946.826721657097,12936.598278342906,12937.785,12925.31,12945.0,12943.0,12943.5,12945.0,12959.5,-12.944999999999709,2017-10-04 10:34:00+00:00,STOP
2017-10-04 10:41:00+00:00,DAX,SHORT,12959.0,12.959,12949.7375,12960.163176804988,12939.31182319501,12948.25,12936.465,12960.5,12958.0,12960.5,12959.0,12946.5,12.5,2017-10-04 12:17:00+00:00,OK
2017-10-04 12:54:00+00:00,DAX,LONG,12931.0,12.931000000000001,12936.6625,12942.414158799631,12930.91084120037,12950.66,12952.18,12931.0,12929.5,12929.5,12931.0,12937.5,6.5,2017-10-04 14:00:00+00:00,OK
2017-10-04 14:59:00+00:00,DAX,LONG,12934.0,12.934000000000001,12938.0,12944.398190533679,12931.601809466321,12935.815,12939.0525,12934.0,12929.5,12931.0,12934.0,12938.5,4.5,2017-10-05 02:01:00+00:00,OK
2017-10-05 02:17:00+00:00,DAX,SHORT,12937.0,12.937,12932.1875,12939.368432354067,12925.006567645933,12934.005,12933.5125,12939.0,12935.5,12936.0,12937.0,12950.5,-12.936999999999898,2017-10-05 02:43:00+00:00,STOP
2017-10-05 02:45:00+00:00,DAX,SHORT,12942.0,12.942,12934.600000000002,12942.188772870777,12927.011227129227,12935.91,12934.675,12946.0,12941.0,12946.0,12942.0,12932.5,9.5,2017-10-05 04:03:00+00:00,OK
2017-10-05 07:17:00+00:00,DAX,SHORT,12944.5,12.9445,12941.2625,12944.527546142981,12937.99745385702,12934.955,12933.055,12945.5,12944.0,12945.0,12944.5,12938.5,6.0,2017-10-05 07:39:00+00:00,OK
2017-10-05 08:06:00+00:00,DAX,SHORT,12940.5,12.9405,12936.737500000001,12941.361237380997,12932.113762619005,12939.13,12935.12,12940.5,12938.5,12938.5,12940.5,12936.5,4.0,2017-10-05 08:12:00+00:00,OK
2017-10-05 08:13:00+00:00,DAX,SHORT,12938.0,12.938,12933.737500000001,12938.613596367944,12928.861403632058,12939.59,12935.48,12938.0,12936.0,12936.5,12938.0,12954.0,-12.938000000000102,2017-10-05 08:43:00+00:00,STOP
2017-10-05 08:46:00+00:00,DAX,SHORT,12948.5,12.948500000000001,12938.237500000001,12949.242164082969,12927.232835917033,12940.565,12937.05,12953.5,12947.5,12951.5,12948.5,12937.0,11.5,2017-10-05 09:56:00+00:00,OK
2017-10-05 10:11:00+00:00,DAX,SHORT,12945.5,12.945500000000001,12941.025,12945.912147483585,12936.137852516415,12944.43,12942.37,12945.5,12943.5,12945.5,12945.5,12959.0,-12.94549999999981,2017-10-05 10:32:00+00:00,STOP
2017-10-05 10:35:00+00:00,DAX,SHORT,12956.0,12.956,12948.475,12956.820184555369,12940.129815444632,12945.69,12943.4225,12958.5,12955.0,12957.5,12956.0,12969.0,-12.956000000000131,2017-10-05 12:22:00+00:00,STOP
2017-10-05 12:31:00+00:00,DAX,SHORT,12972.0,12.972,12967.0,12973.384809274652,12960.615190725348,12965.65,12956.3475,12975.5,12972.0,12975.5,12972.0,12966.0,6.0,2017-10-05 14:27:00+00:00,OK
2017-10-05 14:41:00+00:00,DAX,SHORT,12972.0,12.972,12969.0,12972.913203022428,12965.086796977572,12970.35,12969.795,12972.0,12971.5,12971.5,12972.0,12965.0,7.0,2017-10-06 02:03:00+00:00,OK
2017-10-06 02:07:00+00:00,DAX,LONG,12966.0,12.966000000000001,12974.237500000001,12983.113695249389,12965.361304750613,12975.09,12975.8125,12966.0,12960.0,12960.5,12966.0,12974.5,8.5,2017-10-06 02:22:00+00:00,OK
2017-10-06 02:45:00+00:00,DAX,LONG,12968.0,12.968,12973.5,12979.406953975033,12967.593046024967,12972.975,12974.9975,12972.5,12967.5,12972.5,12968.0,12974.5,6.5,2017-10-06 04:57:00+00:00,OK
2017-10-06 05:31:00+00:00,DAX,LONG,12968.5,12.9685,12973.525000000001,12978.730260497046,12968.319739502957,12969.42,12969.26,12969.5,12968.0,12969.5,12968.5,12975.5,7.0,2017-10-06 06:00:00+00:00,OK
2017-10-06 06:06:00+00:00,DAX,SHORT,12980.0,12.98,12971.6875,12981.195806617734,12962.179193382266,12971.21,12969.22,12982.0,12980.0,12982.0,12980.0,12971.5,8.5,2017-10-06 06:25:00+00:00,OK
2017-10-06 08:00:00+00:00,DAX,LONG,12947.0,12.947000000000001,12968.2625,12989.61542411875,12946.909575881251,12969.47,12970.975,12948.5,12943.5,12944.0,12947.0,12969.0,22.0,2017-10-06 09:05:00+00:00,OK
2017-10-06 09:44:00+00:00,DAX,LONG,12940.0,12.94,12959.449999999999,12979.861812885267,12939.038187114731,12955.86,12962.1825,12941.0,12938.0,12938.5,12940.0,12960.5,20.5,2017-10-06 14:40:00+00:00,OK
2017-10-06 14:49:00+00:00,DAX,SHORT,12957.0,12.957,12954.0,12960.325387443927,12947.674612556073,12949.235,12946.735,12960.5,12957.0,12960.0,12957.0,12952.5,4.5,2017-10-06 15:03:00+00:00,OK
2017-10-09 02:07:00+00:00,DAX,SHORT,12974.5,12.9745,12967.0,12976.284395510747,12957.715604489253,12963.77,12958.5475,12979.0,12973.5,12979.0,12974.5,12967.0,7.5,2017-10-09 03:05:00+00:00,OK
2017-10-09 03:23:00+00:00,DAX,SHORT,12972.5,12.9725,12967.475,12973.802883158147,12961.147116841854,12974.21,12966.99,12973.0,12970.5,12972.5,12972.5,12966.5,6.0,2017-10-09 03:45:00+00:00,OK
2017-10-09 04:26:00+00:00,DAX,LONG,12949.0,12.949,12954.975,12963.886258402481,12946.06374159752,12966.29,12969.375,12949.5,12946.5,12946.5,12949.0,12955.0,6.0,2017-10-09 05:11:00+00:00,OK
2017-10-09 05:50:00+00:00,DAX,LONG,12950.5,12.9505,12953.5,12958.162278638742,12948.837721361258,12950.045,12960.0375,12950.5,12947.5,12947.5,12950.5,12954.0,3.5,2017-10-09 06:41:00+00:00,OK
2017-10-09 07:25:00+00:00,DAX,LONG,12954.0,12.954,12957.05,12960.69005494464,12953.409945055359,12950.64,12950.56,12954.0,12952.5,12953.0,12954.0,12957.5,3.5,2017-10-09 08:05:00+00:00,OK
2017-10-09 08:09:00+00:00,DAX,SHORT,12955.5,12.9555,12952.2875,12955.91886917777,12948.65613082223,12953.7,12951.07,12957.0,12955.5,12956.5,12955.5,12952.0,3.5,2017-10-09 09:41:00+00:00,OK
2017-10-09 10:09:00+00:00,DAX,SHORT,12954.0,12.954,12950.025000000001,12955.11859763253,12944.931402367472,12957.865,12956.495,12956.0,12954.0,12956.0,12954.0,12969.0,-12.953999999999724,2017-10-09 10:29:00+00:00,STOP
2017-10-09 10:39:00+00:00,DAX,SHORT,12966.0,12.966000000000001,12960.050000000003,12966.547772897819,12953.552227102187,12958.345,12957.3875,12967.0,12966.0,12967.0,12966.0,12958.5,7.5,2017-10-09 11:03:00+00:00,OK
2017-10-09 11:11:00+00:00,DAX,LONG,12957.0,12.957,12962.2625,12967.815119106996,12956.709880893006,12958.945,12959.015,12957.0,12956.0,12956.5,12957.0,12944.0,-12.957000000000335,2017-10-09 13:34:00+00:00,STOP
2017-10-09 14:22:00+00:00,DAX,LONG,12936.5,12.9365,12940.475,12944.716089730868,12936.233910269133,12944.71,12948.73,12936.5,12935.5,12935.5,12936.5,12945.5,9.0,2017-10-10 01:18:00+00:00,OK
2017-10-10 01:25:00+00:00,DAX,LONG,12946.0,12.946,12949.1625,12952.827411860791,12945.49758813921,12938.965,12936.9825,12946.0,12945.0,12945.0,12946.0,12949.5,3.5,2017-10-10 01:28:00+00:00,OK
2017-10-10 01:57:00+00:00,DAX,SHORT,12954.5,12.9545,12951.187500000002,12955.732885166937,12946.642114833066,12943.605,12939.29,12959.0,12954.5,12957.5,12954.5,12950.5,4.0,2017-10-10 02:02:00+00:00,OK
2017-10-10 02:24:00+00:00,DAX,SHORT,12952.0,12.952,12946.400000000001,12953.339399336968,12939.460600663035,12947.69,12941.845,12956.0,12952.0,12955.5,12952.0,12973.0,-12.951999999999316,2017-10-10 02:58:00+00:00,STOP
2017-10-10 02:59:00+00:00,DAX,SHORT,12967.5,12.967500000000001,12961.55,12968.326701573074,12954.773298426924,12953.205,12945.8275,12972.5,12966.0,12971.5,12967.5,12961.5,6.0,2017-10-10 03:07:00+00:00,OK
2017-10-10 03:49:00+00:00,DAX,SHORT,12929.5,12.9295,12923.312500000002,12930.554737223401,12916.070262776602,12949.635,12947.4425,12930.5,12929.0,12929.0,12929.5,12945.5,-12.92950000000019,2017-10-10 03:58:00+00:00,STOP
2017-10-10 04:26:00+00:00,DAX,LONG,12943.5,12.9435,12946.5,12950.254295785111,12942.745704214889,12945.61,12948.36,12944.0,12942.0,12942.0,12943.5,12946.5,3.0,2017-10-10 04:37:00+00:00,OK
2017-10-10 05:10:00+00:00,DAX,LONG,12950.0,12.950000000000001,12953.0,12957.644181419006,12948.355818580994,12941.955,12948.1125,12951.0,12949.5,12950.0,12950.0,12953.0,3.0,2017-10-10 05:26:00+00:00,OK
2017-10-10 05:41:00+00:00,DAX,SHORT,12959.0,12.959,12951.55,12959.950501238178,12943.14949876182,12948.87,12948.5675,12961.5,12959.0,12961.0,12959.0,12949.5,9.5,2017-10-10 06:15:00+00:00,OK
2017-10-10 08:17:00+00:00,DAX,LONG,12946.0,12.946,12949.287500000002,12953.201039251586,12945.373960748419,12948.695,12951.335,12946.5,12944.5,12944.5,12946.0,12949.5,3.5,2017-10-10 08:36:00+00:00,OK
2017-10-10 08:50:00+00:00,DAX,LONG,12937.5,12.9375,12946.525,12956.528157396278,12936.52184260372,12948.485,12951.2675,12947.0,12937.5,12946.5,12937.5,12914.5,-12.9375,2017-10-10 09:19:00+00:00,STOP
2017-10-10 09:25:00+00:00,DAX,LONG,12909.5,12.9095,12929.900000000001,12950.697962956932,12909.10203704307,12941.2,12945.68,12910.5,12908.0,12910.5,12909.5,12932.0,22.5,2017-10-10 10:00:00+00:00,OK
2017-10-10 10:36:00+00:00,DAX,LONG,12938.0,12.938,12942.2875,12947.971040408844,12936.603959591157,12927.94,12937.705,12938.5,12935.0,12936.0,12938.0,12924.0,-12.938000000000102,2017-10-10 11:08:00+00:00,STOP
2017-10-10 11:38:00+00:00,DAX,SHORT,12935.5,12.935500000000001,12931.0,12935.614336925622,12926.385663074378,12934.1,12932.6325,12937.0,12935.5,12936.0,12935.5,12950.0,-12.935499999999593,2017-10-10 12:16:00+00:00,STOP
2017-10-10 12:17:00+00:00,DAX,SHORT,12943.5,12.9435,12938.525000000001,12944.006788029468,12933.043211970535,12935.565,12931.765,12950.5,12940.0,12949.5,12943.5,12935.0,8.5,2017-10-10 12:35:00+00:00,OK
2017-10-10 12:38:00+00:00,DAX,SHORT,12949.5,12.9495,12941.687500000002,12952.926998022132,12930.448001977871,12936.69,12932.6025,12951.5,12922.5,12922.5,12949.5,12966.5,-12.949500000000626,2017-10-10 12:40:00+00:00,STOP
2017-10-10 12:42:00+00:00,DAX,SHORT,12958.5,12.9585,12940.737500000001,12962.753044747436,12918.721955252566,12937.915,12933.645,12966.0,12958.5,12965.0,12958.5,12939.0,19.5,2017-10-11 02:55:00+00:00,OK
2017-10-11 03:02:00+00:00,DAX,LONG,12944.0,12.944,12947.0,12950.785011993306,12943.214988006694,12952.905,12953.145,12945.0,12939.5,12943.0,12944.0,12947.5,3.5,2017-10-11 03:05:00+00:00,OK
2017-10-11 03:22:00+00:00,DAX,LONG,12941.5,12.9415,12946.237500000001,12951.462943824012,12941.01205617599,12950.98,12952.675,12943.0,12941.5,12943.0,12941.5,12947.5,6.0,2017-10-11 03:28:00+00:00,OK
2017-10-11 03:30:00+00:00,DAX,LONG,12945.5,12.945500000000001,12948.975,12953.356780460043,12944.593219539958,12950.14,12952.4025,12946.0,12944.5,12944.5,12945.5,12949.5,4.0,2017-10-11 03:55:00+00:00,OK
2017-10-11 04:27:00+00:00,DAX,LONG,12944.5,12.9445,12947.712500000001,12951.314765369108,12944.110234630894,12945.915,12950.5575,12945.0,12944.0,12944.0,12944.5,12948.5,4.0,2017-10-11 05:01:00+00:00,OK
2017-10-11 07:03:00+00:00,DAX,LONG,12921.5,12.9215,12927.612500000001,12935.808134267867,12919.416865732135,12942.09,12944.415,12921.5,12917.0,12919.5,12921.5,12928.5,7.0,2017-10-11 07:06:00+00:00,OK
2017-10-11 07:47:00+00:00,DAX,LONG,12937.5,12.9375,12941.5,12945.65616219733,12937.34383780267,12936.725,12942.2,12939.0,12937.0,12937.0,12937.5,12942.0,4.5,2017-10-11 07:50:00+00:00,OK
2017-10-11 08:42:00+00:00,DAX,LONG,12950.0,12.950000000000001,12953.762500000003,12957.742714223277,12949.782285776728,12943.05,12942.7225,12951.0,12950.0,12951.0,12950.0,12955.0,5.0,2017-10-11 08:59:00+00:00,OK
2017-10-11 09:25:00+00:00,DAX,SHORT,12957.0,12.957,12953.050000000001,12957.271187161527,12948.828812838476,12949.55,12943.21,12957.0,12955.5,12955.5,12957.0,12953.0,4.0,2017-10-11 09:28:00+00:00,OK
2017-10-11 09:34:00+00:00,DAX,SHORT,12955.0,12.955,12951.712500000001,12957.267014522347,12946.157985477656,12950.77,12943.625,12956.0,12954.0,12956.0,12955.0,12969.5,-12.954999999999927,2017-10-11 15:04:00+00:00,STOP
2017-10-12 01:22:00+00:00,DAX,SHORT,12974.5,12.9745,12965.95,12974.747577417736,12957.152422582265,12969.84,12967.8325,12976.0,12974.5,12975.5,12974.5,12964.0,10.5,2017-10-12 02:11:00+00:00,OK
2017-10-12 02:43:00+00:00,DAX,LONG,12954.0,12.954,12958.237500000001,12962.782885166936,12953.692114833066,12968.325,12968.8125,12956.0,12954.0,12955.0,12954.0,12938.5,-12.953999999999724,2017-10-12 03:48:00+00:00,STOP
2017-10-12 03:50:00+00:00,DAX,LONG,12939.5,12.9395,12948.0,12957.47836872485,12938.52163127515,12953.87,12962.465,12943.5,12938.5,12938.5,12939.5,12949.5,10.0,2017-10-12 04:10:00+00:00,OK
2017-10-12 04:56:00+00:00,DAX,LONG,12968.5,12.9685,12971.575,12975.810190917216,12967.339809082785,12954.235,12957.855,12970.0,12968.5,12969.5,12968.5,12972.0,3.5,2017-10-12 05:01:00+00:00,OK
2017-10-12 05:14:00+00:00,DAX,LONG,12965.0,12.965,12968.737500000001,12973.939726244094,12963.535273755908,12957.56,12957.4225,12965.0,12964.0,12964.0,12965.0,12951.5,-12.965000000000146,2017-10-12 06:15:00+00:00,STOP
2017-10-12 06:33:00+00:00,DAX,LONG,12947.0,12.947000000000001,12952.450000000003,12958.779546420936,12946.12045357907,12959.47,12956.625,12947.5,12945.0,12946.0,12947.0,12953.0,6.0,2017-10-12 06:51:00+00:00,OK
2017-10-12 07:46:00+00:00,DAX,LONG,12958.5,12.9585,12961.737500000001,12965.78296529755,12957.692034702452,12953.18,12958.875,12958.5,12956.5,12957.0,12958.5,12963.0,4.5,2017-10-12 08:03:00+00:00,OK
2017-10-12 08:37:00+00:00,DAX,SHORT,12968.5,12.9685,12963.5,12970.34316793367,12956.65683206633,12960.205,12957.6125,12971.0,12968.5,12971.0,12968.5,12983.5,-12.968500000000859,2017-10-12 09:03:00+00:00,STOP
2017-10-12 09:14:00+00:00,DAX,SHORT,12983.5,12.983500000000001,12979.237500000001,12984.755651864529,12973.719348135473,12967.23,12959.9525,12986.0,12983.0,12986.0,12983.5,12977.5,6.0,2017-10-12 09:40:00+00:00,OK
2017-10-12 10:16:00+00:00,DAX,SHORT,12981.0,12.981,12975.812500000002,12981.59336680807,12970.031633191933,12978.595,12969.3175,12982.0,12981.0,12982.0,12981.0,12974.0,7.0,2017-10-12 10:30:00+00:00,OK
2017-10-12 11:55:00+00:00,DAX,LONG,12972.0,12.972,12975.5,12979.085056705124,12971.914943294876,12977.285,12977.8925,12972.0,12971.5,12971.5,12972.0,12975.5,3.5,2017-10-12 11:58:00+00:00,OK
